UserId,degree,betweenness,closeness,eigenvector,pagerank,clustering,eccentricity
0,0.0029850746268656717,0.0,0.25287390397135784,0.0025649256343279634,0.000552281165081005,1.0,9.0
1,0.014925373134328358,55.86428229716004,0.1572503279327826,4.536444760423794e-07,0.001571647783274541,0.3111111111111111,9.0
2,0.005970149253731343,0.26666666666666666,0.24410910051512347,0.002681492298823914,0.0006348582837471493,0.8333333333333334,9.0
3,0.026865671641791045,187.22794845979308,0.294756847995109,0.053683089080404825,0.0016367708122143768,0.5947712418300654,8.0
4,0.019402985074626865,47.143971281498935,0.30188047450844274,0.034065647756924056,0.001229308283567768,0.6538461538461539,8.0
5,0.008955223880597015,2.1453448045885013,0.25739653211392494,0.008290874836780558,0.0006828238898188175,0.5333333333333333,8.0
6,0.016417910447761194,353.4530373236875,0.21205121095356017,1.0391654318848751e-05,0.0016555523572995064,0.43636363636363634,7.0
7,0.016417910447761194,7.478018911026332,0.2565984033321763,0.02107426981738644,0.0010985558284359012,0.7272727272727273,9.0
8,0.014925373134328358,37.585601538396844,0.2674843962008141,0.017887154542567046,0.0010668824090208696,0.6444444444444445,8.0
9,0.014925373134328358,2.71864081343979,0.27874689709347994,0.036346046120072646,0.0009564248344054157,0.8888888888888888,8.0
10,0.005970149253731343,0.7895379048891897,0.24804191854515356,0.004577144099467178,0.0005896330457322066,0.6666666666666666,9.0
11,0.013432835820895522,0.18656015037593984,0.2538435124988554,0.027695753991034088,0.0008888358043990855,0.9166666666666666,9.0
12,0.008955223880597015,4.751821413495912,0.24474080613568017,0.004552635985047471,0.0008297654242268,0.6,9.0
13,0.0029850746268656717,0.0,0.24126234715634653,0.00487545239666594,0.0004202025534004513,1.0,9.0
14,0.20149253731343283,52680.240394736575,0.40441287757911726,0.23865707513139403,0.011577844706352031,0.10657822001105584,7.0
15,0.004477611940298508,0.31730859010270773,0.24303373002827272,0.0055474297686240875,0.0004484768721215041,0.3333333333333333,9.0
16,0.04626865671641791,830.474654385006,0.3152494669509594,0.07697234584338046,0.0025479464400720245,0.3913978494623656,8.0
17,0.011940298507462687,41.94626136015696,0.17911901531304514,2.61648861835024e-06,0.0013962913661416337,0.35714285714285715,8.0
18,0.04626865671641791,50039.570169004044,0.25971905868851114,0.00017618206442712638,0.004507606657575253,0.2,6.0
19,0.013432835820895522,3.3684645622608986,0.24330168342411426,0.005642247375094076,0.0011076150679371032,0.6944444444444444,9.0
20,0.01791044776119403,1348.0696880034577,0.21599474081468673,3.032708631201527e-05,0.0017696910061846282,0.3484848484848485,7.0
21,0.028358208955223882,111.92709036372236,0.3053615685410585,0.052748111125446265,0.0016037723294408974,0.6549707602339181,8.0
22,0.058208955223880594,1744.6034615281226,0.3147997530180765,0.08419454207085564,0.0034266779240773497,0.32793522267206476,8.0
23,0.004477611940298508,0.0,0.17911901531304514,8.829661527056761e-07,0.0006003071851141628,1.0,8.0
24,0.004477611940298508,0.9047619047619047,0.2063022376431957,6.1972992728986205e-06,0.0007023377248411907,0.6666666666666666,7.0
25,0.029850746268656716,1416.3683023231604,0.3007832260776987,0.021432205539472136,0.0022914699042902026,0.41578947368421054,8.0
26,0.005970149253731343,5.25984562461824,0.24804191854515356,0.005286414412013834,0.0005568706994643337,0.5,9.0
27,0.014925373134328358,12.88417980763913,0.27143250536982977,0.02110360733379147,0.0010154509823443755,0.6888888888888889,8.0
28,0.004477611940298508,0.0,0.23969003642180117,0.0028275639121039466,0.000510061468672625,1.0,9.0
29,0.11641791044776119,8432.763389304342,0.3553536664503569,0.17694411673892846,0.006588290735657881,0.20646020646020646,7.0
30,0.010447761194029851,5.939138526907604,0.2555090237734523,0.0064771995294881195,0.0009184095049584719,0.7142857142857143,9.0
31,0.005970149253731343,121.70708385237165,0.1789737444166031,4.304043605285537e-07,0.0007770581396035557,0.5,8.0
32,0.014925373134328358,7.502719855997628,0.3053615685410585,0.037822668278648615,0.0009779502267997608,0.6666666666666666,8.0
33,0.03283582089552239,277.0819914706259,0.3003738115231465,0.058637042922953936,0.001965383709160553,0.5324675324675324,8.0
34,0.0029850746268656717,0.0,0.2501034683026123,0.004416719767266397,0.0003857880395229565,1.0,9.0
35,0.026865671641791045,3160.3158986914727,0.21508248232521598,1.0517889999594231e-05,0.0026143808717900554,0.3660130718954248,7.0
36,0.004477611940298508,0.0,0.2889672110855587,0.013637607916895876,0.00045529238288147006,1.0,8.0
37,0.016417910447761194,104.16374334116253,0.2541358466783167,0.0062269975698527255,0.0013176736549927724,0.36363636363636365,9.0
38,0.013432835820895522,48.431158622286524,0.17984892165091412,6.400751460524967e-07,0.0013654411104001376,0.6944444444444444,8.0
39,0.008955223880597015,0.24285714285714283,0.2413503028060572,0.0027380549659950606,0.000763364320171293,0.8666666666666667,9.0
40,0.03134328358208955,583.5415951256742,0.33117752906303893,0.05250200046032666,0.0018158622379880732,0.4666666666666667,7.0
41,0.007462686567164179,0.0,0.23779593412249095,0.002211870151502218,0.000698536262019264,1.0,9.0
42,0.016417910447761194,76.88679340705512,0.2771133866040246,0.029971733601927904,0.0010950501525286752,0.6909090909090909,8.0
43,0.007462686567164179,5.499628325604491,0.17635159312653567,1.7843463122774902e-06,0.0009965524874661262,0.4,8.0
44,0.007462686567164179,0.0,0.24748556284000553,0.01085091998065364,0.0005892190773224705,1.0,9.0
45,0.0029850746268656717,0.5,0.1968551533146045,0.0002344404878138317,0.0005308629421250939,0.0,10.0
46,0.008955223880597015,3.7876156747046434,0.15471462505188474,1.0545776034547359e-07,0.0010454357163511745,0.4,9.0
47,0.056716417910447764,2875.5824234688966,0.32262372348782403,0.05170984884206381,0.003942166311226462,0.2702702702702703,8.0
48,0.007462686567164179,14.205142826872988,0.26999342601835846,0.015354191664379983,0.0006448270986072306,0.8,8.0
49,0.004477611940298508,13.646518939987963,0.1784430945005431,4.3929248657256725e-07,0.0006394303492381159,0.3333333333333333,8.0
50,0.005970149253731343,0.0,0.24170276765133802,0.009145877045224715,0.0005402743885045557,1.0,9.0
51,0.008955223880597015,0.5734126984126984,0.242855422082544,0.004676173785052411,0.0008093012771698332,0.8,9.0
52,0.008955223880597015,1.8968119735322493,0.26791739400931397,0.017102806277753436,0.0006707046293207198,0.7333333333333333,8.0
53,0.007462686567164179,0.0,0.246931697350621,0.0048319069163299455,0.0006840747201248743,1.0,9.0
54,0.004477611940298508,2.2107142857142863,0.20668869203778173,6.415324372451581e-06,0.0006785721626858896,0.6666666666666666,7.0
55,0.04029850746268657,2662.724519989045,0.3128657280704229,0.026221121071008574,0.002735210630946638,0.39886039886039887,8.0
56,0.013432835820895522,247.27329150736134,0.2825539396487473,0.007051521805119752,0.0013260506480546898,0.5555555555555556,7.0
57,0.01791044776119403,3.4398079901741165,0.27827821798949764,0.038747322132163725,0.001111287415599849,0.7878787878787878,8.0
58,0.008955223880597015,0.0,0.24601407677332401,0.012322347273234965,0.0006710454364938564,1.0,9.0
59,0.013432835820895522,4.092793187663607,0.2529705313706591,0.02035959496991847,0.0008556951808742109,0.6111111111111112,9.0
60,0.029850746268656716,541.1290470742456,0.2971381869825022,0.024918426601159484,0.002144304579697396,0.4105263157894737,8.0
61,0.005970149253731343,142.79317212512575,0.29228427399426704,0.008565418456879064,0.0005611969235948829,0.5,8.0
62,0.019402985074626865,242.94623373408206,0.2978065139887606,0.025559174960875407,0.0012861045149660654,0.47435897435897434,7.0
63,0.007462686567164179,53.10277961808998,0.1587587243637925,2.3231221342072135e-07,0.0011927932164961384,0.1,9.0
64,0.007462686567164179,0.29444444444444445,0.2521035341191984,0.011567946015542709,0.0006076612228596097,0.7,9.0
65,0.007462686567164179,0.0,0.24267737558541605,0.014208699648695899,0.0006035983206503368,1.0,9.0
66,0.022388059701492536,408.28607356122586,0.21164446310646257,1.605529083539799e-05,0.0022426838940191604,0.3142857142857143,7.0
67,0.019402985074626865,975.0185654422382,0.30465894183019554,0.024522551489032676,0.0016177423094851824,0.3717948717948718,8.0
68,0.010447761194029851,4.837534105374411,0.24455998544403945,0.005451868690207439,0.000887493768757574,0.7142857142857143,9.0
69,0.03283582089552239,1867.382665525595,0.21348722366882134,2.0234748641486632e-05,0.003397493103162585,0.20346320346320346,7.0
70,0.004477611940298508,0.0,0.24241079479934635,0.00975221662610997,0.00045423771741648946,1.0,9.0
71,0.03731343283582089,388.93054700360176,0.26239551351447277,0.012569546991384245,0.002532669602742915,0.43666666666666665,9.0
72,0.11641791044776119,14339.136154010113,0.3388044424754426,0.07844223096727224,0.008520538806512493,0.13153513153513152,8.0
73,0.008955223880597015,2.1051032303519883,0.2717667818542754,0.018321209092945222,0.000688388580753191,0.6666666666666666,8.0
74,0.022388059701492536,37.94604769173034,0.25600304740797175,0.02471793685428197,0.001453814501803166,0.5523809523809524,9.0
75,0.0014925373134328358,0.0,0.2332712757565239,0.0007764535150936585,0.00033046522999261973,0.0,9.0
76,0.03582089552238806,759.6551484319401,0.3121281850999598,0.052775829710929485,0.0022500156686291167,0.42391304347826086,8.0
77,0.028358208955223882,179.26896666548043,0.27254997142734244,0.020927192610426238,0.0019998838637322386,0.42105263157894735,9.0
78,0.008955223880597015,2.9894917728317503,0.2518158541639463,0.008020518471789764,0.0007661167058236074,0.6666666666666666,9.0
79,0.014925373134328358,46.329197825163234,0.1851297205248923,3.326276515249566e-06,0.0014927456277043615,0.4222222222222222,8.0
80,0.013432835820895522,16.544024693962008,0.25961720807726074,0.008016263316588168,0.0011369431097351384,0.8055555555555556,9.0
81,0.005970149253731343,300.4434923723358,0.17960495946744842,7.787253279226838e-07,0.0008206219165017458,0.5,8.0
82,0.019402985074626865,4.903255732680629,0.2570966526590349,0.023327283571568627,0.0012468614670681879,0.717948717948718,9.0
83,0.03731343283582089,1210.0905220694874,0.2992874686243286,0.016947713877255292,0.0027093624654182013,0.36,8.0
84,0.026865671641791045,1440.0458659758203,0.18227529752120455,1.2448514058477304e-06,0.002923443290463577,0.1895424836601307,8.0
85,0.04477611940298507,3115.731745449742,0.21557273871605825,1.2984134140706026e-05,0.004323671491122763,0.22758620689655173,7.0
86,0.010447761194029851,354.5641993581497,0.20772635098745368,1.3130892649918197e-05,0.0013321819254207567,0.23809523809523808,7.0
87,0.029850746268656716,566.56627923727,0.3040991642613757,0.023010420339013973,0.002235515979067881,0.45263157894736844,8.0
88,0.011940298507462687,5.66883744855197,0.2548205852952328,0.006412171151978804,0.001068266967264031,0.6071428571428571,9.0
89,0.014925373134328358,458.2389656984862,0.23934341308641177,0.00042607529906479565,0.0015576809181677748,0.5333333333333333,6.0
90,0.026865671641791045,93.94124968141698,0.25287390397135784,0.007497806193622405,0.0019166337190311918,0.33986928104575165,9.0
91,0.023880597014925373,653.7110659904391,0.184510557579993,4.093311667478636e-06,0.00248246681646634,0.26666666666666666,8.0
92,0.014925373134328358,5.620970007431104,0.2556076759061834,0.008659659147309137,0.0012082101155335993,0.7333333333333333,9.0
93,0.023880597014925373,192.80047605211314,0.26115340457475933,0.012489232061565473,0.0019518377745180633,0.4166666666666667,9.0
94,0.023880597014925373,192.7298201079133,0.3084920226453937,0.05137351956496981,0.001515397950358318,0.5666666666666667,8.0
95,0.019402985074626865,87.32039029321606,0.2542334410894834,0.008294201949466534,0.0015997895322387835,0.358974358974359,9.0
96,0.03582089552238806,147.54303221671077,0.24925597914044234,0.008758975110180828,0.0025310325883940964,0.36594202898550726,9.0
97,0.008955223880597015,8.231793257966853,0.25840120241881925,0.005967135641052405,0.0007470686986469448,0.8666666666666667,9.0
98,0.03880597014925373,287.54532009469193,0.2948881428049064,0.06618964519457804,0.0022743967141231414,0.4430769230769231,8.0
99,0.0029850746268656717,0.0,0.1765867913035516,7.559170129283703e-07,0.0004964985179240651,1.0,8.0
100,0.007462686567164179,0.5952729965587276,0.24916216808318212,0.004511774483120436,0.0007120225969665965,0.8,9.0
101,0.07313432835820896,1632.211302402933,0.31124771067090495,0.10966210743526539,0.004231532703113951,0.3112244897959184,8.0
102,0.014925373134328358,3.910712797793988,0.26694511314395764,0.02235063071984747,0.0009244419839702382,0.7111111111111111,8.0
103,0.014925373134328358,141.9179261518779,0.2897259871321728,0.009962113956853369,0.001104630389003257,0.5555555555555556,8.0
104,0.050746268656716415,1685.8070528305122,0.345163649946306,0.08797761687075853,0.002874509980932619,0.3600713012477718,7.0
105,0.008955223880597015,6.972645168854183,0.2526808704568759,0.0074164955957351395,0.0007772565544585128,0.6,9.0
106,0.005970149253731343,0.0,0.24474080613568017,0.0032596015207427597,0.0005699840985022343,1.0,9.0
107,0.0029850746268656717,0.825,0.15303372182085412,3.0138833702656935e-08,0.0005875445741005387,0.0,9.0
108,0.004477611940298508,0.0,0.24519402985074626,0.008049314956418143,0.000450020272100951,1.0,9.0
109,0.041791044776119404,2318.68780797255,0.18394661867102385,2.951225679987708e-06,0.004300151218794247,0.21428571428571427,8.0
110,0.03880597014925373,785.7831039073957,0.3343554952510176,0.06328165614019936,0.002153253991523127,0.5138461538461538,7.0
111,0.005970149253731343,15.902844197814462,0.17907056548472136,1.1430780813031528e-06,0.0007738072300594058,0.5,8.0
112,0.007462686567164179,7.652034524070126,0.17936165824898803,6.315495662152941e-07,0.0008890559064320097,0.3,8.0
113,0.0029850746268656717,1.690018315018315,0.15449798847071525,6.407338702284412e-08,0.0005371273301501577,0.0,9.0
114,0.014925373134328358,3.6497422795041277,0.26597986363881676,0.020918433102287977,0.0009579501449855208,0.8,8.0
115,0.004477611940298508,0.19548872180451127,0.242855422082544,0.0046387755949349055,0.0004910126969608138,0.6666666666666666,9.0
116,0.008955223880597015,25.89555200998486,0.2466556932179638,0.003928362689968301,0.0009011045755995688,0.3333333333333333,9.0
117,0.04029850746268657,360.34621561812975,0.30091994572591585,0.0747822784420789,0.0023693643908175603,0.452991452991453,8.0
118,0.05970149253731343,8299.886506868455,0.346427985660395,0.1031009595746724,0.003516374683673772,0.33076923076923076,7.0
119,0.022388059701492536,68.65257818715898,0.2616695180225355,0.02858224898810806,0.0013746081150611202,0.37142857142857144,9.0
120,0.022388059701492536,777.547029464685,0.180930276194866,9.957235657446473e-07,0.0022330342892047696,0.3904761904761905,8.0
121,0.007462686567164179,3.3548534976920577,0.15547766101385976,1.6779542040715308e-07,0.0008767265415902851,0.7,9.0
122,0.007462686567164179,1.8979078956541158,0.2907439089139284,0.0178532888560874,0.0006095019970773435,0.9,8.0
123,0.011940298507462687,7.072534560238265,0.25057679053634174,0.016060398989615025,0.0008497595172607636,0.6428571428571429,9.0
124,0.03134328358208955,1036.5918912582097,0.30437879567678844,0.0227740136596793,0.0025014283099544093,0.2904761904761905,8.0
125,0.011940298507462687,18.755110278253508,0.1563220497277485,3.033831453640153e-07,0.0012744088107990669,0.4642857142857143,9.0
126,0.0029850746268656717,0.0,0.15555072382448656,1.1036551030668426e-07,0.0005207226480635988,1.0,9.0
127,0.03283582089552239,457.4156176640841,0.339325412914923,0.07300742183561547,0.0019225248074444664,0.5281385281385281,7.0
128,0.008955223880597015,1.6149766493739084,0.2698833593954402,0.017880380792598426,0.000666090654019188,0.6,8.0
129,0.03880597014925373,251.03365637168383,0.29700488138044634,0.05216168053489363,0.0022026859826680244,0.4492307692307692,8.0
130,0.010447761194029851,147.7728061411469,0.29358043485455204,0.02140355809173597,0.0008187451297682384,0.6666666666666666,8.0
131,0.013432835820895522,7.6521170922479405,0.25840120241881925,0.008619051331703508,0.0011153729709924756,0.6944444444444444,9.0
132,0.029850746268656716,1461.005503146858,0.3035414399802911,0.017355100369414688,0.0023762914282720073,0.2894736842105263,8.0
133,0.03283582089552239,989.5746322633365,0.30188047450844274,0.023983936192159386,0.002397815813227992,0.41125541125541126,8.0
134,0.005970149253731343,15.06665188028799,0.18262727740607307,1.5124446838709679e-06,0.0007505186313255867,0.16666666666666666,8.0
135,0.010447761194029851,7.464001167658664,0.24357022832855588,0.003874143461823945,0.0009395540416408495,0.5714285714285714,9.0
136,0.010447761194029851,3.876595639652338,0.2709880804736041,0.021651094220365402,0.0007644843654284929,0.8571428571428571,8.0
137,0.019402985074626865,41.2745438223433,0.2458313704407779,0.005661582254540044,0.0015039734544282917,0.5641025641025641,9.0
138,0.014925373134328358,3.844715939284537,0.26208387988797105,0.015780312053628814,0.0010206267380712764,0.6444444444444445,8.0
139,0.005970149253731343,0.3598896434634975,0.24170276765133802,0.0024268631195143307,0.0006233554842804746,0.8333333333333334,9.0
140,0.008955223880597015,57.26606878205803,0.3042389157155399,0.029661009738937306,0.0006877625482965141,0.6666666666666666,8.0
141,0.010447761194029851,3.346163662515931,0.2971381869825022,0.022362275777581465,0.000764248215386449,0.8571428571428571,8.0
142,0.013432835820895522,60.36967022741559,0.28808698024239116,0.023294594590760748,0.0009501845211477845,0.6666666666666666,8.0
143,0.004477611940298508,1.187369982958218,0.155404666806811,1.3656046940723346e-07,0.0006278842080249748,0.3333333333333333,9.0
144,0.005970149253731343,175.05349229878775,0.1784430945005431,4.319756558433722e-07,0.0008237076118624624,0.16666666666666666,8.0
145,0.011940298507462687,14.352717396982099,0.2552135237459579,0.005446174554888788,0.0011587695330333577,0.5,9.0
146,0.004477611940298508,0.5598896434634975,0.24073595658073266,0.0014632454131762631,0.0005321946267179058,0.3333333333333333,9.0
147,0.020895522388059702,170.76880616202024,0.3257991538371136,0.03878109481581566,0.0013190496182876163,0.6593406593406593,7.0
148,0.04477611940298507,2024.9016387470076,0.3063507082818208,0.019740480892712242,0.003133487354271682,0.29195402298850576,8.0
149,0.04776119402985075,542.6581085524447,0.3066344977290481,0.06743996998815775,0.002561740377082635,0.3911290322580645,8.0
150,0.014925373134328358,60.41508814353013,0.18043714379858677,1.6473853576037257e-06,0.0016503886449990462,0.3111111111111111,8.0
151,0.03582089552238806,957.3031140585782,0.3102267481710473,0.031653366030863564,0.0025081017385118563,0.36594202898550726,8.0
152,0.010447761194029851,0.0,0.2946256700476257,0.025159513407263294,0.0007441251374425158,1.0,8.0
153,0.008955223880597015,1121.851841223303,0.20897218453188598,6.117775857621607e-06,0.0010815522201899346,0.13333333333333333,7.0
154,0.008955223880597015,7.034692544167108,0.28621871188803066,0.025986856333359693,0.0006596675782844311,0.8666666666666667,8.0
155,0.010447761194029851,4.360756872565608,0.2578978888184709,0.007286466181141865,0.0009260260643659465,0.6666666666666666,9.0
156,0.04776119402985075,1550.273680258356,0.31301365512861223,0.04087254768112609,0.0033379273102855716,0.3346774193548387,8.0
157,0.0014925373134328358,0.0,0.20976675557573352,0.0003066090355314494,0.0003493607641201616,0.0,10.0
158,0.023880597014925373,634.2517682866736,0.2991522280149186,0.02892252779362374,0.0016995389461281,0.425,8.0
159,0.025373134328358207,115.78002828612075,0.2956783745408731,0.042933192923698286,0.001559952147798581,0.5294117647058824,8.0
160,0.013432835820895522,131.569432823961,0.18048633604062564,6.944204558570463e-07,0.0014963254659812262,0.2777777777777778,8.0
161,0.008955223880597015,35.957703214549944,0.17950755981480881,1.1177918749033192e-06,0.001075658097303029,0.2,8.0
162,0.013432835820895522,253.89883140130397,0.29607508076789574,0.012633230828746896,0.0011115288468718863,0.3055555555555556,8.0
163,0.016417910447761194,283.68834540463655,0.28985283738923595,0.017704781064958756,0.0012499855320753925,0.45454545454545453,8.0
164,0.06417910447761194,1490.579508371945,0.31139411128740113,0.09076130332088009,0.0034779633044997645,0.32558139534883723,8.0
165,0.013432835820895522,122.21975517945314,0.32325384794776113,0.029024793753190406,0.0009258838204174249,0.6111111111111112,7.0
166,0.005970149253731343,0.07142857142857142,0.23908410277970923,0.009117115921156478,0.0005281696468878595,0.8333333333333334,9.0
167,0.019402985074626865,1224.8301263951332,0.21341840122405378,1.4805824723642407e-05,0.0018408585249342568,0.5128205128205128,7.0
168,0.010447761194029851,72.74593809924856,0.2929309206181481,0.012235499883341277,0.0008724774918528692,0.7619047619047619,8.0
169,0.004477611940298508,51.70606136170387,0.255410447761194,0.0034827276035604825,0.0005231532986357758,0.0,9.0
170,0.005970149253731343,0.0,0.2821926174752834,0.01887580839253799,0.0005116778072810782,1.0,8.0
171,0.004477611940298508,0.7122250497250497,0.15898748333261645,2.809271974066531e-07,0.0006389166394941345,0.6666666666666666,9.0
172,0.011940298507462687,155.78812209240277,0.23882535375072686,0.0004089384267615722,0.0012589727029838715,0.5714285714285714,6.0
173,0.008955223880597015,11.072880518155623,0.26281217967328896,0.00881672445432913,0.0007089163905858197,0.4,8.0
174,0.013432835820895522,13.851847819379376,0.28796167055111566,0.023514476832256454,0.0009119614813357375,0.7222222222222222,8.0
175,0.03582089552238806,749.431303456289,0.3084920226453937,0.03710858957822806,0.0024495380936843166,0.4601449275362319,8.0
176,0.016417910447761194,295.32205846305624,0.28303714433390975,0.007264753654811641,0.0016406659112705216,0.43636363636363634,7.0
177,0.013432835820895522,1.5259320625095896,0.24638030539524186,0.005779197850866982,0.001018333929078196,0.8333333333333334,9.0
178,0.011940298507462687,0.5207501280081924,0.24455998544403945,0.004814185701942959,0.0009430516310052535,0.8928571428571429,9.0
179,0.005970149253731343,2.9482869678968124,0.27154383945734817,0.014476847996940618,0.0005445896790072782,0.8333333333333334,8.0
180,0.004477611940298508,0.0,0.24519402985074626,0.008049314956418143,0.000450020272100951,1.0,9.0
181,0.04477611940298507,7222.842910248741,0.21634767339771727,1.1694795090162937e-05,0.0044758503019924414,0.18160919540229886,7.0
182,0.007462686567164179,16.181084577579053,0.28934610165953445,0.016461826020611657,0.0006439475331660315,0.7,8.0
183,0.007462686567164179,0.7026386832383602,0.15584366304072855,2.089310461874174e-07,0.0008604178408257839,0.7,9.0
184,0.025373134328358207,52.46396659105758,0.30105678972124367,0.04049951102904608,0.0016264484823369865,0.4852941176470588,8.0
185,0.005970149253731343,0.0,0.24785618891689062,0.004101376663020921,0.0006183559958840657,1.0,9.0
186,0.028358208955223882,410.78945121120466,0.28243339615913604,0.020675350137113486,0.002110361208647574,0.4678362573099415,9.0
187,0.034328358208955224,873.4542646023579,0.18262727740607307,1.7359009649275196e-06,0.003592291476042055,0.2015810276679842,8.0
188,0.034328358208955224,298.77040557673837,0.2942328358208955,0.05947282156692386,0.002047526199480032,0.45849802371541504,8.0
189,0.008955223880597015,37.16657112207081,0.27010358245492244,0.014275694437853434,0.0008138542467770235,0.4666666666666667,8.0
190,0.0029850746268656717,0.575,0.13510691440755404,9.613408867991619e-09,0.0005898678303656635,0.0,10.0
191,0.008955223880597015,39.30428665832573,0.17955624643260507,6.65544068820666e-07,0.0011038708362180747,0.4,8.0
192,0.01791044776119403,8.263376620015384,0.27921715756938625,0.03446045334685173,0.0011308405213978137,0.7272727272727273,8.0
193,0.005970149253731343,3.768351648351648,0.15374451476939502,1.8595642532647223e-07,0.0008466278838908783,0.0,9.0
194,0.05373134328358209,1317.3285255957778,0.3163038129942737,0.09310987987245527,0.003228313639307652,0.3396825396825397,8.0
195,0.020895522388059702,58.35602066390433,0.2829161882893226,0.04247805759681005,0.0012895914477260007,0.7252747252747253,8.0
196,0.005970149253731343,0.37857142857142856,0.24767073722297603,0.01056005711131212,0.0005646761094114395,0.8333333333333334,9.0
197,0.014925373134328358,39.36570922132782,0.3011937582334008,0.03339139616284236,0.0009808807098417652,0.8222222222222222,8.0
198,0.050746268656716415,2421.77480691785,0.32388643864824607,0.05488725425014297,0.0033786710131532534,0.2887700534759358,8.0
199,0.03582089552238806,254.829371676297,0.26587304441647186,0.015248827059837673,0.0023912609694864287,0.48188405797101447,9.0
200,0.026865671641791045,56.142507128701645,0.27688158954287534,0.03348506772847173,0.0015755175997483558,0.5294117647058824,8.0
201,0.013432835820895522,33.865034642709624,0.2982089552238805,0.025165144670972833,0.0009309227813431764,0.5555555555555556,8.0
202,0.007462686567164179,0.1111111111111111,0.24267737558541605,0.0036578413414997874,0.0007112371362294257,0.9,9.0
203,0.008955223880597015,0.06666666666666667,0.297672608182111,0.021850556753515375,0.0006546906479149542,0.9333333333333333,8.0
204,0.03880597014925373,207.18975563230032,0.2569968480578474,0.012157829349750253,0.0027019873734531524,0.37538461538461537,9.0
205,0.007462686567164179,0.0,0.274357182178622,0.0036375747618141766,0.0008030086194614367,1.0,7.0
206,0.0029850746268656717,0.0,0.25287390397135784,0.0025649256343279634,0.000552281165081005,1.0,9.0
207,0.011940298507462687,265.33907864126087,0.29727161230220694,0.01187619476662299,0.0010059351438040142,0.42857142857142855,8.0
208,0.0029850746268656717,0.0,0.25287390397135784,0.0026561546795537236,0.00044068031607868123,1.0,9.0
209,0.008955223880597015,10.088801468588644,0.26999342601835846,0.014590840584891615,0.0006918963697901599,0.6666666666666666,8.0
210,0.008955223880597015,15.201448716116543,0.2589064843946089,0.005865320699746876,0.0007499231518066304,0.8,9.0
211,0.0626865671641791,5002.895991333239,0.31997287607395597,0.05370391698083078,0.004542144975573169,0.24274099883855982,8.0
212,0.0626865671641791,3243.366361866141,0.3090681048538818,0.02393118205270134,0.004284793965387141,0.26480836236933797,8.0
213,0.023880597014925373,146.31030096213433,0.29901710957408084,0.05167425729483094,0.0014957892304853263,0.49166666666666664,8.0
214,0.010447761194029851,1076.6539785095229,0.24822792673303895,0.00013687728939543715,0.0011252371047054842,0.47619047619047616,6.0
215,0.013432835820895522,207.12250442855367,0.32152689684167796,0.026075919801170487,0.0009127400190683096,0.7222222222222222,7.0
216,0.029850746268656716,575.0781955756357,0.2909995079547318,0.037641315623809846,0.0017284848913805477,0.531578947368421,7.0
217,0.010447761194029851,18.86674300007251,0.2534547781764988,0.009755755743658386,0.0009035973416172614,0.5238095238095238,9.0
218,0.029850746268656716,490.8492421403116,0.31301365512861223,0.060333605241362116,0.0017836083709101684,0.39473684210526316,8.0
219,0.058208955223880594,871.2693343748365,0.3173652351855296,0.11063169883901076,0.0032664131959923084,0.3792172739541161,8.0
220,0.005970149253731343,6.686658553551128,0.25951543731752835,0.005580237661793451,0.0005489848989592369,0.3333333333333333,8.0
221,0.010447761194029851,1.0150212876896876,0.24330168342411426,0.017870815529607648,0.0007518512027921601,0.7619047619047619,9.0
222,0.007462686567164179,69.23281849997505,0.21016631130063962,7.565712379429774e-06,0.0008841426973416293,0.5,7.0
223,0.026865671641791045,1181.1457645870876,0.1808314341974911,1.2006456052395265e-06,0.0026760291727724534,0.3006535947712418,8.0
224,0.004477611940298508,2.883225467629492,0.15449798847071525,8.923999668260086e-08,0.0007012682655285459,0.0,9.0
225,0.005970149253731343,0.41507936507936505,0.24383936670239958,0.003866435091538813,0.0006160163729640555,0.8333333333333334,9.0
226,0.0,0.0,0.0,0.0,0.00022468544038346393,0.0,0.0
227,0.008955223880597015,9.799778651923486,0.2510519076970098,0.004218737379854576,0.0007526271053250989,0.6666666666666666,9.0
228,0.004477611940298508,6.014314042068656,0.24483131678883682,0.002029175663390716,0.0006027000823307892,0.3333333333333333,9.0
229,0.022388059701492536,117.29397379032584,0.26084471260717684,0.00953956016122149,0.0016532340215064188,0.45714285714285713,9.0
230,0.0029850746268656717,0.0,0.2413503028060572,0.006188056767956733,0.00038679698746392277,1.0,9.0
231,0.07462686567164178,2069.7768249005553,0.31139411128740113,0.10766114228818872,0.004408384582390764,0.2889795918367347,8.0
232,0.005970149253731343,32.11500995722119,0.20753099705235575,7.364053409034969e-06,0.0007548666649397893,0.6666666666666666,7.0
233,0.020895522388059702,368.5723941838659,0.2946256700476257,0.019092816153041727,0.0015549647863471513,0.5054945054945055,8.0
234,0.025373134328358207,30.7300639516642,0.27076641333211243,0.029949068071478298,0.0014688259239666753,0.5294117647058824,8.0
235,0.03134328358208955,177.9634190422558,0.2813531154258457,0.03914239577840757,0.0018015063293433395,0.3333333333333333,8.0
236,0.007462686567164179,0.14285714285714285,0.256797471139261,0.008599386663189455,0.0005908282207426091,0.8,8.0
237,0.023880597014925373,18.330051933034127,0.24860078129816554,0.008348100784548614,0.0016439567951428203,0.6,9.0
238,0.029850746268656716,105.0194587803976,0.3093569535500069,0.05528129881779799,0.0018404590401734787,0.5210526315789473,8.0
239,0.03582089552238806,609.1671905449803,0.3305161660494333,0.056062699432102195,0.0020255654584279328,0.4855072463768116,7.0
240,0.011940298507462687,224.32492471110933,0.18068337352538613,1.9541899839243527e-06,0.0012886947276056653,0.5714285714285714,8.0
241,0.03283582089552239,126.4667184217676,0.2948881428049064,0.06789413502078333,0.0018719142225122835,0.6320346320346321,8.0
242,0.03880597014925373,934.8208455060052,0.33537177335208457,0.06471141440944624,0.002211003018774648,0.4492307692307692,7.0
243,0.013432835820895522,192.0186752659459,0.27481273582275423,0.01038647264040295,0.000996230286448322,0.5,9.0
244,0.01791044776119403,112.38810585106609,0.3032633442954718,0.03669848286059137,0.001194894624992707,0.7272727272727273,8.0
245,0.005970149253731343,0.0,0.24126234715634653,0.011785569808481559,0.000520129308625862,1.0,9.0
246,0.03582089552238806,226.23987732267432,0.2944946088065013,0.062075522181357576,0.0021060243078539972,0.5072463768115942,8.0
247,0.014925373134328358,12.692466217120456,0.2944946088065013,0.026308493446395458,0.001017267147071745,0.5777777777777777,8.0
248,0.0029850746268656717,0.0,0.15449798847071525,5.557890099493451e-08,0.0005406221353980575,1.0,9.0
249,0.025373134328358207,84.08232224443726,0.24767073722297603,0.006935771014317293,0.0019046542735307983,0.47794117647058826,9.0
250,0.010447761194029851,5.036578734558268,0.2424995899622765,0.003905058890685638,0.0008688676772455518,0.8571428571428571,9.0
251,0.005970149253731343,0.29090909090909095,0.20496095374520584,4.117055024995518e-05,0.0007437974500719055,0.8333333333333334,7.0
252,0.025373134328358207,46.44566798207345,0.25191167450419133,0.010969551357361294,0.0018673464537098015,0.4852941176470588,9.0
253,0.03134328358208955,3844.6961408502675,0.21550256529850745,1.1610279154959953e-05,0.002935954208650016,0.3238095238095238,7.0
254,0.01791044776119403,90.77140200434992,0.2579983946208164,0.009903899460272115,0.0014772924065391256,0.6060606060606061,9.0
255,0.007462686567164179,4.466540404040404,0.17602336628476864,3.4582806043387783e-07,0.0010004841997932048,0.1,8.0
256,0.019402985074626865,388.01685060044423,0.29607508076789574,0.01628088056432638,0.0014434817879655558,0.41025641025641024,8.0
257,0.004477611940298508,0.0,0.2648095522388059,0.012483491771125394,0.00044480222033813093,1.0,8.0
258,0.005970149253731343,0.6067739235993198,0.2705451085398508,0.014321944717956324,0.000518392013360229,0.6666666666666666,8.0
259,0.007462686567164179,0.5,0.23934341308641177,0.0026167258496252914,0.0007285880816969022,0.8,9.0
260,0.010447761194029851,1.260533645570343,0.2928013624931512,0.02280544444582086,0.0007179844775094068,0.9523809523809523,8.0
261,0.058208955223880594,4375.231976386312,0.3178223142568482,0.03347726417491125,0.003980361909875712,0.2726045883940621,8.0
262,0.022388059701492536,30.78045275198896,0.2794528833250379,0.03285542617251787,0.0012891129516052187,0.5619047619047619,8.0
263,0.005970149253731343,0.30799846288976723,0.24214479904792058,0.008035675734757617,0.0005386415256203375,0.6666666666666666,9.0
264,0.01791044776119403,36.43344220249906,0.28183221821924853,0.035044525108599484,0.0011490978444309084,0.6666666666666666,8.0
265,0.005970149253731343,0.3268481031638926,0.18009354749646758,1.1074058124112664e-06,0.0007244300035786891,0.8333333333333334,8.0
266,0.008955223880597015,2.8144018885970383,0.2885893115069812,0.01485248273657877,0.0007139279996619872,0.8666666666666667,8.0
267,0.04029850746268657,2619.080642351783,0.31124771067090495,0.03658184118000313,0.00315154799675798,0.30484330484330485,8.0
268,0.004477611940298508,0.0,0.23618404587834999,0.00036458874385508354,0.0006078619368912067,1.0,6.0
269,0.028358208955223882,477.6144512239003,0.296605681271064,0.015039729840844264,0.0019307190338144935,0.5263157894736842,8.0
270,0.013432835820895522,4.770590399856045,0.2624995561447323,0.016048859807731318,0.0009003657414364325,0.6111111111111112,8.0
271,0.008955223880597015,1.297952965259823,0.24064844805416752,0.0030276725457331947,0.0007570883472553328,0.7333333333333333,9.0
272,0.014925373134328358,235.4622066449176,0.28621871188803066,0.009204596258375638,0.0011150546428820571,0.5555555555555556,8.0
273,0.005970149253731343,0.27142857142857146,0.25570640424759167,0.004810295382883115,0.0005558329352103057,0.8333333333333334,8.0
274,0.03731343283582089,1265.618819062001,0.3128657280704229,0.03613836157553053,0.002630052016020472,0.38666666666666666,8.0
275,0.004477611940298508,1.0635732871460473,0.24365987508171322,0.0026082930583904624,0.0005157274885808259,0.3333333333333333,9.0
276,0.007462686567164179,76.00879504827658,0.2996939251231394,0.015642174702664595,0.0006245536569861947,0.6,8.0
277,0.005970149253731343,0.14285714285714285,0.2874615200160725,0.016625363870703742,0.0005277992410318098,0.8333333333333334,8.0
278,0.008955223880597015,293.83763536894395,0.15573368162715004,1.2267636816129261e-07,0.001310343759536133,0.06666666666666667,9.0
279,0.0029850746268656717,0.0,0.2716552649146553,0.0030562507171038216,0.0004343409924810378,1.0,7.0
280,0.014925373134328358,33.52791977325875,0.26105042610292384,0.01865387967942343,0.00093899752686442,0.5333333333333333,9.0
281,0.022388059701492536,7.259708689721587,0.2655531009213858,0.02812790680434915,0.0012943475774405348,0.6571428571428571,8.0
282,0.03283582089552239,192.64137047916532,0.31420212652919544,0.06818841019203871,0.0018167668081550668,0.4458874458874459,8.0
283,0.016417910447761194,156.48817892636262,0.1845619962634555,3.639201773354145e-06,0.0018186136508589242,0.2,8.0
284,0.06119402985074627,674.833226276572,0.29345030168307396,0.0899892676191408,0.00351148478262152,0.3463414634146341,8.0
285,0.004477611940298508,0.0,0.24730066514643814,0.009542961068069669,0.0004593460334240353,1.0,9.0
286,0.023880597014925373,927.0495746727186,0.29901710957408084,0.018204386980596874,0.0017035894969559364,0.5083333333333333,8.0
287,0.013432835820895522,241.64678307069173,0.1805355551123575,1.8194481169125509e-06,0.0014656358759215192,0.3888888888888889,8.0
288,0.0014925373134328358,0.0,0.2371145704144036,0.0011582864184755271,0.00032391193175599877,0.0,9.0
289,0.013432835820895522,51.467643055231086,0.24757811540651267,0.004662297752439346,0.0011310986436791266,0.5,9.0
290,0.016417910447761194,18.680075152043546,0.26694511314395764,0.02107049435870317,0.0010476386617116276,0.6909090909090909,8.0
291,0.03880597014925373,399.44933249823475,0.30340232841293074,0.05643418467822274,0.0022198792200670654,0.4646153846153846,8.0
292,0.019402985074626865,143.15500386014847,0.2821926174752834,0.01835344569090184,0.0013416987928278681,0.5256410256410257,7.0
293,0.08208955223880597,2955.560161839146,0.3517661427189239,0.13180765596981506,0.004458241870070897,0.2606060606060606,7.0
294,0.04776119402985075,619.1512864093614,0.30863584177017006,0.06720095491778029,0.0026002236658273564,0.4254032258064516,8.0
295,0.0014925373134328358,0.0,0.24038630377524142,0.001255330170013704,0.00033033840044774794,0.0,9.0
296,0.020895522388059702,82.73626110322304,0.2574966474511921,0.009656758225431576,0.0016860796262553454,0.37362637362637363,9.0
297,0.013432835820895522,6.723864882458951,0.24223339941347055,0.004189538001477017,0.0010296954430920068,0.5555555555555556,9.0
298,0.023880597014925373,854.0534348527618,0.3116873260814571,0.03436963555906058,0.0017386257668683203,0.4666666666666667,8.0
299,0.010447761194029851,43.221266293583625,0.28400852878464816,0.018231464528032648,0.0007310893661441754,0.8571428571428571,7.0
300,0.0014925373134328358,0.0,0.20623796903333796,0.00035334850248472036,0.0003347254867909333,0.0,10.0
301,0.005970149253731343,5.694955561376742,0.17999561734557226,5.805996841886803e-07,0.0007668920814001555,0.3333333333333333,8.0
302,0.022388059701492536,252.48147074066793,0.2638596574719071,0.01184256616862267,0.0017691169201335209,0.5142857142857142,9.0
303,0.016417910447761194,8.826465218794416,0.25191167450419133,0.00884220001031233,0.0012625134102079306,0.7090909090909091,9.0
304,0.004477611940298508,0.125,0.2332712757565239,0.006358314809550916,0.0004529236350841274,0.6666666666666666,9.0
305,0.08059701492537313,1231.9111399507435,0.304518804322454,0.1088783882603145,0.004557940336658541,0.2781271837875611,8.0
306,0.020895522388059702,820.637918203516,0.29794054032268896,0.025259251700445608,0.0015332899750253154,0.45054945054945056,8.0
307,0.007462686567164179,11.015336860931688,0.18217498090176523,2.891627761101584e-06,0.0008779082653005611,0.5,8.0
308,0.026865671641791045,94.28609460230005,0.2909995079547318,0.04112432284821566,0.0015198336192925438,0.39869281045751637,8.0
309,0.0,0.0,0.0,0.0,0.00022468544038346393,0.0,0.0
310,0.06567164179104477,74626.83205172728,0.3729712003363464,0.08926044534011371,0.004289844690754761,0.23150105708245244,6.0
311,0.034328358208955224,102.11706741971236,0.2937106834946827,0.06347661618426013,0.0019723486778109867,0.541501976284585,8.0
312,0.05223880597014925,2220.6667592626477,0.33811229856844477,0.07891441310704982,0.002841329163192595,0.37142857142857144,7.0
313,0.008955223880597015,12.98653822780996,0.29501955463325086,0.012031572274574858,0.0007935698484368755,0.4,8.0
314,0.011940298507462687,3.4183033192186736,0.2958104917770397,0.031348656906831474,0.000803320180700094,0.7142857142857143,8.0
315,0.022388059701492536,16.674364651292567,0.2459226896719966,0.007006516860908794,0.0015598002500909888,0.580952380952381,9.0
316,0.0014925373134328358,0.0,0.15083706552677487,1.329049568976084e-08,0.00042338667507565563,0.0,9.0
317,0.019402985074626865,429.6448572976142,0.21606523518179338,3.2521670879774066e-05,0.0020609159771122765,0.3076923076923077,7.0
318,0.004477611940298508,0.0,0.15435390081534503,1.0105557909342805e-07,0.0006087402723511455,1.0,9.0
319,0.014925373134328358,30.032652707184084,0.2434806475163718,0.004571906020857098,0.00113601689259992,0.3333333333333333,9.0
320,0.014925373134328358,1.779700854700855,0.2675925143884458,0.02020775349572568,0.0010009369552919486,0.7333333333333333,8.0
321,0.008955223880597015,0.18770350020350018,0.24869417002141808,0.016329797923152783,0.000679537282316388,0.8666666666666667,9.0
322,0.004477611940298508,0.0,0.24410910051512347,0.006128040967673738,0.000462826808106456,1.0,9.0
323,0.029850746268656716,47.49021332519084,0.2513378438105599,0.009452882177590237,0.002021909665897806,0.46842105263157896,9.0
324,0.0,0.0,0.0,0.0,0.00022468544038346393,0.0,0.0
325,0.005970149253731343,0.0,0.24339113257243192,0.013804738986240331,0.0005245814567484567,1.0,9.0
326,0.010447761194029851,1.28986074015581,0.24785618891689062,0.006702210135761119,0.0008697617673304279,0.8571428571428571,9.0
327,0.01791044776119403,10.475733520588134,0.2556076759061834,0.02148211966855182,0.0011597296061587926,0.7272727272727273,9.0
328,0.0029850746268656717,1.2197802197802197,0.17588307135946196,1.7740014915735109e-06,0.0005368016092938486,0.0,8.0
329,0.014925373134328358,5.568374223533885,0.2752698048220436,0.03269584071602849,0.0009727352408269611,0.7777777777777778,8.0
330,0.004477611940298508,1.3388888888888888,0.23677535071423994,0.0013058522746624518,0.0006097494857158262,0.0,9.0
331,0.007462686567164179,0.8170163336622903,0.2471160435225886,0.010638625905574135,0.0006109101792528336,0.8,9.0
332,0.013432835820895522,0.7939347287173375,0.2418793864073858,0.004859484600090154,0.0010202693863059346,0.8888888888888888,9.0
333,0.004477611940298508,0.0,0.24410910051512347,0.0023616900094461553,0.00048749333608243643,1.0,9.0
334,0.004477611940298508,0.3333333333333333,0.2424995899622765,0.002316388006848601,0.0005312745582340928,0.6666666666666666,9.0
335,0.010447761194029851,1.582748302437915,0.295151083636654,0.022433856733902496,0.0007712702015352024,0.7142857142857143,8.0
336,0.0029850746268656717,0.0,0.23409613882496993,0.0008388865420291234,0.0004216170874961183,1.0,9.0
337,0.011940298507462687,842.5564863522975,0.18024064268908654,7.195383029222454e-07,0.001506552754037587,0.14285714285714285,8.0
338,0.01791044776119403,10.191785815062863,0.24303373002827272,0.006105114272205154,0.0012923125251843813,0.5606060606060606,9.0
339,0.005970149253731343,0.8148028306347491,0.2418793864073858,0.0028679020500891553,0.0006070769251193227,0.6666666666666666,9.0
340,0.0,0.0,0.0,0.0,0.00022468544038346393,0.0,0.0
341,0.023880597014925373,174.5494785981062,0.27862957937584804,0.03844960123390915,0.00152060385285968,0.5583333333333333,8.0
342,0.008955223880597015,8.743113632727011,0.24383936670239958,0.0005213943110434618,0.000982410617878805,0.7333333333333333,6.0
343,0.01791044776119403,181.95098973169968,0.212459525223689,1.0921365491057594e-05,0.001763157937627478,0.5151515151515151,7.0
344,0.05373134328358209,1089.9563032410495,0.3022940094050296,0.06348993517900527,0.003034853926568601,0.32063492063492066,8.0
345,0.04029850746268657,351.26836407677996,0.31405307428700896,0.07017903795328251,0.002327755927122372,0.3789173789173789,8.0
346,0.0029850746268656717,0.0,0.23635268853874147,0.0010350745802835753,0.00040105598248958577,1.0,9.0
347,0.007462686567164179,0.1351772030651341,0.27595826619300323,0.019267622600643613,0.0005950683452083101,0.9,8.0
348,0.0029850746268656717,0.0,0.28733675373134326,0.011302998820178496,0.00037015298016501524,1.0,8.0
349,0.028358208955223882,75.91598715797672,0.30993627368774107,0.06132488590802875,0.0017016004078680737,0.543859649122807,8.0
350,0.005970149253731343,0.1111111111111111,0.24179104477611943,0.009101758010894814,0.0005468900917152041,0.8333333333333334,9.0
351,0.019402985074626865,298.8309231892093,0.29847785419162076,0.01392260152897245,0.0014522685613809689,0.48717948717948717,8.0
352,0.07164179104477612,2101.2708420047593,0.32152689684167796,0.10871067333058183,0.003924299701848318,0.300531914893617,8.0
353,0.011940298507462687,647.3299944542113,0.21123927268570994,6.3700592495050935e-06,0.0012518828319927967,0.42857142857142855,7.0
354,0.04029850746268657,435.95208833706744,0.31154064969271283,0.06339866961222805,0.002253894002360545,0.43304843304843305,8.0
355,0.0029850746268656717,1.3149827340310336,0.2298694029850746,0.0010190850818616838,0.0004435793658224181,0.0,9.0
356,0.004477611940298508,0.0,0.155404666806811,1.3292790470029342e-07,0.0006020809571829079,1.0,9.0
357,0.06119402985074627,751.7753418787908,0.296340143508064,0.09864023681155229,0.003470564137067373,0.374390243902439,8.0
358,0.004477611940298508,0.0,0.2399506635001866,0.0021592712076138804,0.000504197071933345,1.0,9.0
359,0.008955223880597015,1.9530566213846057,0.24683962736652307,0.013584074476228359,0.0006850692163067936,0.4666666666666667,9.0
360,0.01791044776119403,141.76193655741037,0.21259597963937538,5.049575191105663e-05,0.0019070069757731697,0.3484848484848485,7.0
361,0.014925373134328358,10.233583586744508,0.24906842761362483,0.006974956038077736,0.0011848810591117242,0.6,9.0
362,0.03283582089552239,45.78049374974201,0.2813531154258457,0.052070172114408106,0.001950793073980353,0.5238095238095238,8.0
363,0.004477611940298508,0.0,0.24374958784868,0.002324914294543408,0.00048427668098128325,1.0,9.0
364,0.013432835820895522,621.8337434477893,0.24510325086894297,0.006547301269665399,0.0012416548121504036,0.5555555555555556,9.0
365,0.004477611940298508,0.0,0.2499146397119724,0.0032694865383566542,0.0005227913743397787,1.0,9.0
366,0.04477611940298507,442.3983151614343,0.3163038129942737,0.08495181117692152,0.0023980895732613108,0.37471264367816093,8.0
367,0.004477611940298508,0.891431999616812,0.2542334410894834,0.008867985308616842,0.00044962434258214096,0.3333333333333333,9.0
368,0.008955223880597015,712.2676658349709,0.17777225579941322,4.1974578741277287e-07,0.0014025385735181295,0.06666666666666667,8.0
369,0.01791044776119403,49.70166637132319,0.2718783903889178,0.02511799125002146,0.0011516145811581928,0.6363636363636364,8.0
370,0.023880597014925373,741.453523743344,0.2964728529319368,0.014451295423525239,0.0016612199793717315,0.6333333333333333,8.0
371,0.0029850746268656717,0.0,0.23865316531976022,0.006532009569570906,0.00037156128490675234,1.0,9.0
372,0.03134328358208955,151.97421052204086,0.27584328358208954,0.03912545099516313,0.0020322132244165033,0.5,8.0
373,0.007462686567164179,1.0116041030387655,0.29847785419162076,0.023082001357074496,0.0005867989247961583,0.8,8.0
374,0.005970149253731343,153.08227745318484,0.17931307708478192,6.505162100084634e-07,0.0007942132188376857,0.3333333333333333,8.0
375,0.014925373134328358,31.667943341206787,0.3007832260776987,0.029884658429830836,0.001004044772317194,0.4888888888888889,8.0
376,0.0029850746268656717,0.0,0.28004394272293354,0.006852785620753186,0.00038278309955297766,1.0,8.0
377,0.029850746268656716,567.9819002945512,0.29189765458422173,0.013490990577076896,0.002094461003885685,0.4105263157894737,8.0
378,0.013432835820895522,18.002169244237006,0.2477634283671463,0.004391615973691531,0.0011538910160709694,0.5277777777777778,9.0
379,0.1208955223880597,10115.88634721525,0.3532678124850666,0.1924075318187068,0.006701593844756012,0.16820987654320987,8.0
380,0.014925373134328358,6.654062545045574,0.2980746873466974,0.030085215141599037,0.001001141071981187,0.7555555555555555,8.0
381,0.023880597014925373,1240.4274349201353,0.3077749328670455,0.024701280959983692,0.0017895388169298094,0.38333333333333336,8.0
382,0.01791044776119403,507.77172808042195,0.21252773052873672,1.1076727827081409e-05,0.0018309465501311001,0.3484848484848485,7.0
383,0.050746268656716415,1902.5777197791865,0.3198182998053212,0.08397387001363886,0.0030773243212099174,0.3689839572192513,8.0
384,0.028358208955223882,2346.7351821451257,0.1826776712464169,1.5743670153443043e-06,0.003048648774274066,0.21052631578947367,8.0
385,0.019402985074626865,26.416928261982857,0.30677658971131366,0.04434677805469196,0.0012170710375279024,0.7435897435897436,8.0
386,0.034328358208955224,349.49549000323435,0.3014680694886224,0.0620519684979898,0.0020427262425056283,0.48221343873517786,8.0
387,0.09850746268656717,6771.35805366899,0.36038316853403096,0.17145082736382583,0.0053361464248789965,0.2275058275058275,7.0
388,0.011940298507462687,378.4557953834599,0.1799466921981557,5.400573374228372e-07,0.001317982337567822,0.39285714285714285,8.0
389,0.022388059701492536,6749.278881174292,0.2565984033321763,0.0005247974925564076,0.0021884598942140242,0.3619047619047619,6.0
390,0.013432835820895522,439.95593614523995,0.28959924785521207,0.0035920002326367954,0.0014204267940694537,0.5,6.0
391,0.0014925373134328358,0.0,0.24214479904792058,0.001700420582971993,0.0003166198488084221,0.0,9.0
392,0.010447761194029851,26.180247407714358,0.2832793669649186,0.014910476226151268,0.0007762042723643874,0.8095238095238095,7.0
393,0.016417910447761194,344.22888294934904,0.3029857577103042,0.020710202662006072,0.001301101129647027,0.5818181818181818,8.0
394,0.004477611940298508,0.0,0.26438653378475035,0.011423867877353524,0.00044378432776792534,1.0,9.0
395,0.041791044776119404,1015.7381270908328,0.18369142080938258,3.024429490586666e-06,0.00401594920838413,0.21164021164021163,8.0
396,0.005970149253731343,0.0,0.26438653378475035,0.0078024203106765305,0.0005830952346303415,1.0,9.0
397,0.008955223880597015,2.556318571111083,0.27076641333211243,0.01825699754072011,0.0007139007650834938,0.6666666666666666,8.0
398,0.005970149253731343,2.217050496180687,0.1561745413062078,1.985497230245993e-07,0.0007720720901116345,0.5,9.0
399,0.008955223880597015,22.922449416082316,0.15691488044489568,3.161445421343246e-07,0.001048234045341035,0.4,9.0
400,0.008955223880597015,2.205049078721645,0.2477634283671463,0.010713945417793762,0.0007818575546298366,0.6,9.0
401,0.05223880597014925,1627.6294775217584,0.30950158045676246,0.026458388957243232,0.0034506763649631003,0.3226890756302521,8.0
402,0.004477611940298508,59.42941381519955,0.20733601020889908,6.053819602426817e-06,0.0006050755332408014,0.6666666666666666,7.0
403,0.011940298507462687,27.187354743754877,0.2929309206181481,0.024291673431936757,0.0008928099531824293,0.4642857142857143,8.0
404,0.04328358208955224,603.4343275069546,0.33690782727583457,0.07368505808831485,0.002421918896307663,0.4088669950738916,7.0
405,0.011940298507462687,5.874117481063956,0.24619705488918364,0.003920497042505183,0.0009506415817478658,0.6071428571428571,9.0
406,0.06417910447761194,1434.9595477846196,0.32278102418186977,0.12192011431770797,0.003531139595481651,0.3078626799557032,8.0
407,0.034328358208955224,1111.7207969529725,0.29847785419162076,0.050480553356773004,0.0020753502283992137,0.5019762845849802,7.0
408,0.008955223880597015,208.42973855692128,0.17878041604024167,3.9496758474216394e-07,0.0010064476416746305,0.4,8.0
409,0.004477611940298508,0.16666666666666666,0.24161455496241416,0.0017382591748248421,0.0005107510212844954,0.6666666666666666,9.0
410,0.007462686567164179,20.4910957465528,0.27676583636998947,0.019716174126204727,0.0006151676726243639,0.7,8.0
411,0.03880597014925373,663.2536118094321,0.3119810935895452,0.07095963514517249,0.002371151348011887,0.4153846153846154,8.0
412,0.007462686567164179,13.063884194751495,0.18028972783143107,1.3129631891850491e-06,0.0009024413352124816,0.3,8.0
413,0.011940298507462687,10.74465097516318,0.30091994572591585,0.03393060515043341,0.0008146020255004163,0.8928571428571429,8.0
414,0.0029850746268656717,0.0,0.15628514650543315,1.6107231685481272e-07,0.0005130785523039904,1.0,9.0
415,0.029850746268656716,1315.51688023175,0.18303120834863557,2.4285401327984836e-06,0.0030727744263405847,0.18947368421052632,8.0
416,0.022388059701492536,18.656670858543798,0.2735635870235599,0.03182877318261094,0.0012835069851178317,0.6761904761904762,8.0
417,0.026865671641791045,263.1859412071352,0.30606744364170824,0.05255112321822206,0.001560957149357159,0.6078431372549019,8.0
418,0.014925373134328358,3.0543593869228123,0.26428099025828933,0.018519364978553363,0.0009516835425072888,0.7333333333333333,8.0
419,0.014925373134328358,190.5787124834993,0.2897259871321728,0.004123833369960117,0.001469683975806705,0.6222222222222222,6.0
420,0.004477611940298508,1.5902236929330762,0.1791674913659039,4.359016570548458e-07,0.000607828453032932,0.6666666666666666,8.0
421,0.014925373134328358,196.52933671043846,0.29189765458422173,0.02888861006417499,0.0011125528261399901,0.5555555555555556,8.0
422,0.03283582089552239,431.05070538526894,0.27827821798949764,0.02066474571866377,0.0023439499998452133,0.4069264069264069,9.0
423,0.004477611940298508,0.0,0.2600250905722761,0.007038303218148956,0.0004507501524816988,1.0,8.0
424,0.007462686567164179,0.28807500162979893,0.2613596054469068,0.010831130066158608,0.0005774059047556107,0.8,8.0
425,0.03134328358208955,728.5831270376539,0.3066344977290481,0.02854130049982512,0.002251073635000489,0.4095238095238095,8.0
426,0.041791044776119404,1482.7692910772203,0.32325384794776113,0.08970921503512916,0.0023484076053180017,0.3386243386243386,8.0
427,0.023880597014925373,123.0448967802349,0.26125646432399957,0.011902590531878171,0.0019623056634694045,0.5083333333333333,9.0
428,0.004477611940298508,0.0,0.23865316531976022,0.002099563836547562,0.0005172448783538515,1.0,9.0
429,0.04776119402985075,2244.662429444624,0.3350323282373557,0.0685183883703563,0.0026407636586155848,0.34475806451612906,7.0
430,0.04328358208955224,433.83614974814634,0.2942328358208955,0.04567969395161056,0.002737514089679728,0.3497536945812808,8.0
431,0.016417910447761194,88.80605421271314,0.30257032934050043,0.026660040487018647,0.0011126336670009567,0.4909090909090909,8.0
432,0.03283582089552239,1278.9497086280294,0.3013308514324146,0.017803311881764757,0.0025315872535145046,0.3116883116883117,8.0
433,0.022388059701492536,1136.8190114384593,0.29087165228339845,0.004062615754369061,0.0022362447857197905,0.37142857142857144,6.0
434,0.005970149253731343,0.2,0.23626833711528009,0.00047549432068769756,0.0007331303151595275,0.8333333333333334,6.0
435,0.010447761194029851,4.702654880742459,0.2549187064293473,0.020116203537474564,0.0007533200415124371,0.7142857142857143,9.0
436,0.011940298507462687,19.040712095731788,0.15442591103266035,1.0000959485528083e-07,0.001351425494078956,0.10714285714285714,9.0
437,0.004477611940298508,0.0,0.2387392284879246,0.0016072814097768619,0.0004965572306807257,1.0,9.0
438,0.03283582089552239,139.80836917674318,0.31271794076382375,0.06529944785156046,0.0019704064397207126,0.47619047619047616,8.0
439,0.007462686567164179,11.338924963924962,0.1560640925499799,2.1095988537646767e-07,0.0009859102869744347,0.4,9.0
440,0.020895522388059702,108.15867163750664,0.27816129436849363,0.033626186789361,0.0013867159297350677,0.42857142857142855,8.0
441,0.023880597014925373,67.09070995262125,0.25374621717018586,0.010788822822994345,0.001811334087622672,0.5166666666666667,9.0
442,0.011940298507462687,12.371003830143009,0.24647203298474124,0.004473650424775199,0.0010086617705084818,0.5,9.0
443,0.0014925373134328358,0.0,0.24117445559089792,0.004423447726278052,0.0003049150959602956,0.0,9.0
444,0.004477611940298508,0.0,0.2322890809112333,0.0016453163433808162,0.0005320220725753262,1.0,9.0
445,0.005970149253731343,0.0,0.24241079479934635,0.0024875009283602807,0.000585408848596108,1.0,9.0
446,0.028358208955223882,747.8974496967688,0.18078205368569494,7.021632986152847e-07,0.0028781527663658026,0.2982456140350877,8.0
447,0.004477611940298508,0.0,0.2383095322523452,0.0019139747113893133,0.00048693372629963957,1.0,9.0
448,0.0029850746268656717,45.25344743943966,0.17839500959229718,3.730541764343696e-07,0.0005179227863122565,0.0,8.0
449,0.025373134328358207,93.70734184252342,0.25124245942960716,0.007576148441458498,0.0017981020085111583,0.34558823529411764,9.0
450,0.008955223880597015,23.686367289042813,0.29048875848925615,0.02222948321264854,0.0007095578023370531,0.6666666666666666,8.0
451,0.11791044776119403,8547.30076703616,0.3609726720812513,0.1856699476799707,0.006605055698136777,0.1837065887698799,7.0
452,0.014925373134328358,35.54917339923273,0.3020181937030177,0.028962797116004434,0.0010410617490365368,0.6,8.0
453,0.005970149253731343,0.1865079365079365,0.2352607962320593,0.0013525122732920296,0.0005839480861168007,0.8333333333333334,9.0
454,0.007462686567164179,0.8237710256071232,0.2578978888184709,0.007603822468507634,0.0005941854197041541,0.6,8.0
455,0.014925373134328358,10.645866756567278,0.24383936670239958,0.004663750076014054,0.001175343932244039,0.6,9.0
456,0.034328358208955224,1464.1705978128266,0.304518804322454,0.01760515210371828,0.002449141369621372,0.41106719367588934,8.0
457,0.007462686567164179,0.961598545111781,0.24038630377524142,0.0038766662767828826,0.0006892330918107785,0.6,9.0
458,0.004477611940298508,134.84795470478062,0.20636654632076523,5.717754486159468e-06,0.00066607981192853,0.3333333333333333,7.0
459,0.03731343283582089,1046.513464949219,0.3398479879861473,0.0743841025105104,0.002210784631904215,0.46,7.0
460,0.06119402985074627,1904.2327441714294,0.34606580271668314,0.10068571629639093,0.003378064276329494,0.36585365853658536,7.0
461,0.010447761194029851,3.7904695494530323,0.24647203298474124,0.012641367010315001,0.0007290985270096374,0.5714285714285714,9.0
462,0.04776119402985075,977.2495168223394,0.3419544837794498,0.08399786122047866,0.0027670841691584775,0.3850806451612903,7.0
463,0.007462686567164179,13.287937995985382,0.15475079022838123,1.2076786674983833e-07,0.0009238750444225117,0.3,9.0
464,0.007462686567164179,65.48153594095305,0.25057679053634174,0.006926235495459996,0.000740001797032398,0.6,9.0
465,0.03134328358208955,101.38535897808494,0.27781111229417327,0.049712444013384094,0.001930163006604456,0.48095238095238096,8.0
466,0.013432835820895522,27.68042376659165,0.27630378989858717,0.02400293322263535,0.000936225975235182,0.6388888888888888,8.0
467,0.056716417910447764,5844.103878577314,0.31690946893107463,0.03964674581533317,0.004722771925059478,0.1934566145092461,8.0
468,0.004477611940298508,0.41666666666666663,0.24108662803969952,0.0016660837976550209,0.0006038358176460389,0.6666666666666666,9.0
469,0.011940298507462687,760.9207175364173,0.26576631095825565,0.009683571055794994,0.0011733097110284921,0.42857142857142855,9.0
470,0.022388059701492536,771.2877254363569,0.26012726153124355,0.011159665141353683,0.001941631956528348,0.5142857142857142,9.0
471,0.11044776119402985,6867.287338118447,0.3350323282373557,0.16800273972354698,0.006257606019616606,0.1999259533506109,8.0
472,0.014925373134328358,10.11289658295427,0.2470238360436622,0.005766690384521643,0.001144379024772724,0.5777777777777777,9.0
473,0.005970149253731343,0.0,0.2890933976406178,0.016178899164539837,0.0005351754056582282,1.0,8.0
474,0.07611940298507462,5106.58935285805,0.31375539364787436,0.033015792326368754,0.005034814175470065,0.22980392156862745,8.0
475,0.010447761194029851,6.750316435914386,0.2531640078764875,0.017369489228277996,0.0007723814843840705,0.47619047619047616,9.0
476,0.004477611940298508,45.62573845032733,0.2543311104867518,0.004162343930711963,0.0005785154382920468,0.3333333333333333,9.0
477,0.016417910447761194,219.4211583056434,0.28959924785521207,0.009642980028875526,0.0011970092007429919,0.509090909090909,8.0
478,0.019402985074626865,133.25122940463646,0.2994228315680755,0.016719674436944384,0.0014530291018843677,0.5512820512820513,8.0
479,0.04626865671641791,1123.8878459937503,0.30993627368774107,0.037642809748280895,0.003246893958990054,0.30752688172043013,8.0
480,0.05522388059701493,3082.186034224354,0.3052207840465721,0.02183179502434671,0.003921499463592641,0.2702702702702703,8.0
481,0.013432835820895522,0.9677570448341519,0.2694439888469739,0.02587272334412886,0.0008945952798013519,0.8611111111111112,8.0
482,0.020895522388059702,12.409604359665291,0.2481348877799906,0.007294487604476075,0.0014675542025864422,0.6593406593406593,9.0
483,0.007462686567164179,42.617964460545465,0.180044569104437,1.2692571895487578e-06,0.0009110469577830555,0.3,8.0
484,0.0029850746268656717,0.0,0.23908410277970923,0.0017297719951910307,0.00041333893506390116,1.0,9.0
485,0.020895522388059702,24.092927811415297,0.24841421410769784,0.007612363102986574,0.0014772956861733059,0.6923076923076923,9.0
486,0.041791044776119404,2265.2923890342336,0.18348777178409503,2.295323703391411e-06,0.004027426875495198,0.2724867724867725,8.0
487,0.008955223880597015,0.6630921855921856,0.25191167450419133,0.004732768333364521,0.0008236927220791246,0.8666666666666667,9.0
488,0.008955223880597015,10.753247514610456,0.2691153986166727,0.018125797462962542,0.0007359395368439787,0.6,8.0
489,0.008955223880597015,47.81812647326474,0.1799466921981557,1.2742697421511127e-06,0.0010648090500066094,0.2,8.0
490,0.011940298507462687,0.2111111111111111,0.27412997126170385,0.027084844007411894,0.0008145214133900713,0.9285714285714286,8.0
491,0.007462686567164179,0.47142857142857136,0.2308311996502841,0.0008262282767097967,0.0008625478279697365,0.8,7.0
492,0.020895522388059702,19.88868520290619,0.28733675373134326,0.04244847086110025,0.0012612243108960895,0.6703296703296703,8.0
493,0.011940298507462687,110.83903938515819,0.2955463752665245,0.018208056420238504,0.0009372901105328962,0.6428571428571429,8.0
494,0.0029850746268656717,0.0,0.17921599366459526,4.6373742147633656e-07,0.00048205294110491433,1.0,8.0
495,0.029850746268656716,564.109585833425,0.1829806192916017,2.0969529946919174e-06,0.0028923539563711223,0.2631578947368421,8.0
496,0.011940298507462687,4.032795512523846,0.27345059091161295,0.02230418238999343,0.0008365777121579359,0.8214285714285714,8.0
497,0.004477611940298508,0.0,0.2511471474192014,0.005424043477470513,0.0004676150964109942,1.0,9.0
498,0.007462686567164179,0.30540935672514624,0.2553119477813401,0.014146485304774534,0.0005958763064312542,0.7,9.0
499,0.023880597014925373,418.5477545344645,0.29847785419162076,0.017043122823722327,0.001786279674914267,0.5083333333333333,8.0
500,0.022388059701492536,299.081463379888,0.3027086788280818,0.024178991041692362,0.0016766813483099418,0.5619047619047619,8.0
501,0.019402985074626865,2486.9553342668955,0.24972609603810444,0.00019309358118354736,0.0019227412338374576,0.34615384615384615,6.0
502,0.011940298507462687,4.239384324520674,0.24330168342411426,0.003751440420491328,0.0009790856207182183,0.6785714285714286,9.0
503,0.004477611940298508,0.0,0.25830038259735266,0.0037177259397200664,0.0005514336365099142,1.0,8.0
504,0.03134328358208955,739.6621341820256,0.2974051575009051,0.0202613010054825,0.0023783909822227955,0.35714285714285715,8.0
505,0.004477611940298508,0.9394285580786842,0.20413934030126885,7.818169538865081e-06,0.0006227194485355306,0.3333333333333333,7.0
506,0.008955223880597015,1.8057539682539683,0.20636654632076523,1.0406424888203236e-05,0.0010154855098346298,0.6,7.0
507,0.007462686567164179,3.2160860830995466,0.18019158426701548,9.090573711997439e-07,0.0008513576176237571,0.5,8.0
508,0.11641791044776119,8597.515523220634,0.3582380306260903,0.17748400970977385,0.006386829636161985,0.19214119214119213,7.0
509,0.020895522388059702,7.071839309994422,0.2807565227298621,0.048270606485650895,0.0012512897900241748,0.8131868131868132,8.0
510,0.010447761194029851,3.7820799515765193,0.15475079022838123,1.40660802613257e-07,0.0011718829093981336,0.6190476190476191,9.0
511,0.007462686567164179,2.1582506351098756,0.24546677070708744,0.0029807503494316606,0.0006806195743156421,0.6,9.0
512,0.0029850746268656717,3.137827858416093,0.1554411553409286,1.0080165443541744e-07,0.0005580130711553164,0.0,9.0
513,0.03880597014925373,4178.447543485248,0.2203074477860282,5.021572767385616e-05,0.0035911863037610117,0.3076923076923077,7.0
514,0.0029850746268656717,0.0,0.23925691384062697,0.0015519028845371965,0.00042402734955430856,1.0,9.0
515,0.04328358208955224,6600.095565960581,0.21557273871605825,1.0808963962810337e-05,0.004135653691279548,0.23645320197044334,7.0
516,0.005970149253731343,33.086005057967775,0.17907056548472136,4.553862317015374e-07,0.0008306067317451595,0.3333333333333333,8.0
517,0.06716417910447761,1019.2998898493405,0.30064663060718205,0.09361032919198514,0.003928389911948248,0.3212121212121212,8.0
518,0.014925373134328358,0.9187441643323997,0.241967792615868,0.004693652910390198,0.0011190592887674545,0.8444444444444444,9.0
519,0.020895522388059702,27.331598190207398,0.2709880804736041,0.03008084498044634,0.001257657114620967,0.6593406593406593,8.0
520,0.008955223880597015,3.137215091223369,0.24108662803969952,0.0027357819838383984,0.0008308498636991248,0.6,9.0
521,0.028358208955223882,969.8226984633816,0.29901710957408084,0.01698185211768457,0.0022265221426923058,0.2631578947368421,8.0
522,0.011940298507462687,20.152557356167815,0.24601407677332401,0.006585096013259536,0.000999709553626322,0.5714285714285714,9.0
523,0.010447761194029851,20.745123007282352,0.2667300082985556,0.009450433457237506,0.0009110636485622433,0.6190476190476191,9.0
524,0.016417910447761194,22.621104147578194,0.30215603861114326,0.03414453102887004,0.0010895625979481154,0.5636363636363636,8.0
525,0.008955223880597015,0.0,0.2470238360436622,0.004857952955784619,0.0007543986098302067,1.0,9.0
526,0.01791044776119403,116.5188869807392,0.25931213497728745,0.010943503408736751,0.0014499652190319953,0.45454545454545453,9.0
527,0.013432835820895522,5.875578379731764,0.25739653211392494,0.020035027019374173,0.0008837831463835453,0.6944444444444444,9.0
528,0.07313432835820896,5395.436790096992,0.3362234030457161,0.11874185749274639,0.00415592014432338,0.23639455782312926,8.0
529,0.014925373134328358,2278.056901282201,0.29202641402603213,0.0035027158085583427,0.0014735947141216725,0.5333333333333333,6.0
530,0.016417910447761194,39.457792155228354,0.25590408990994,0.007496991006629766,0.0013367650918888769,0.5818181818181818,9.0
531,0.008955223880597015,15.692739287604425,0.2835220045383361,0.01639313291520266,0.0006776715304306674,0.9333333333333333,7.0
532,0.026865671641791045,32.32277336798431,0.28400852878464816,0.05431410303605418,0.0015645440408412943,0.673202614379085,8.0
533,0.03880597014925373,164.59624262185022,0.27595826619300323,0.050760476654092605,0.0023424092893941165,0.3723076923076923,8.0
534,0.008955223880597015,409.0290351103591,0.1561008914399941,1.809283979623642e-07,0.0012673529053980983,0.26666666666666666,9.0
535,0.03134328358208955,1524.4614575052717,0.18167504956010286,1.4390255812599998e-06,0.003056075043839426,0.29523809523809524,8.0
536,0.028358208955223882,66331.01058873827,0.30877979505457787,0.003860141863708217,0.002733028928818099,0.30994152046783624,5.0
537,0.007462686567164179,2.3091717267845295,0.15428195772477626,8.236533164450904e-08,0.0009099304624332562,0.4,9.0
538,0.0029850746268656717,0.0,0.263649494463168,0.00901131898680523,0.0003714066584122221,1.0,8.0
539,0.004477611940298508,0.19548872180451127,0.25143330064451763,0.005938112746054183,0.0004922007717895797,0.6666666666666666,9.0
540,0.004477611940298508,0.0,0.26977338247637117,0.01153442627808656,0.00045910291718906474,1.0,8.0
541,0.008955223880597015,0.5325748325748326,0.2458313704407779,0.004444167991520972,0.0007714917778269341,0.8666666666666667,9.0
542,0.010447761194029851,508.12350343591083,0.2111718917374848,4.289713442996502e-05,0.0012379900250422883,0.42857142857142855,7.0
543,0.04477611940298507,1360.1149593739347,0.3077749328670455,0.022962355228765604,0.0030207349172832213,0.37701149425287356,8.0
544,0.022388059701492536,21.968371519781755,0.27688158954287534,0.03259465508657005,0.0014076149417696499,0.6666666666666666,8.0
545,0.008955223880597015,0.0,0.2588052699753772,0.007422313963807587,0.000804593697517231,1.0,9.0
546,0.15970149253731344,30713.595113151445,0.395947297007784,0.2224301177979005,0.00908436781350036,0.132957150414389,7.0
547,0.01791044776119403,10616.226302952247,0.2536489963973237,0.00016390265725405465,0.001809427661760022,0.3484848484848485,6.0
548,0.0014925373134328358,0.0,0.25277735036159404,0.002483712255214981,0.000317548229864004,0.0,9.0
549,0.022388059701492536,44.0063021655389,0.2875863946989639,0.042543336179028404,0.0013716440819674335,0.6,8.0
550,0.01791044776119403,98.54696462629711,0.18585734997108785,4.083029139085266e-06,0.0017429665422033609,0.42424242424242425,8.0
551,0.011940298507462687,13.73380366808565,0.181078741957608,1.1286839576866424e-06,0.001259736993462091,0.5,8.0
552,0.04776119402985075,1727.2414586382704,0.303820046166597,0.01977181445326499,0.0034324452508527614,0.2862903225806452,8.0
553,0.010447761194029851,0.7128245903306764,0.28871516816267545,0.019868757215869594,0.0007682303007045727,0.8571428571428571,8.0
554,0.023880597014925373,6424.587406049537,0.21417789731381914,7.496744986016941e-06,0.0023128100782162852,0.2833333333333333,7.0
555,0.0029850746268656717,6.868677635561249,0.15507703925908056,8.078010393859713e-08,0.0005409198146323606,0.0,9.0
556,0.007462686567164179,2.151030706718317,0.25819964141849255,0.007868181833945272,0.0006845610914795584,0.8,9.0
557,0.04328358208955224,807.6191321312369,0.32043750270910687,0.09335195629189466,0.002440743042684117,0.4458128078817734,8.0
558,0.016417910447761194,6419.532508970654,0.3007832260776987,0.007184589951214124,0.0015332526781390756,0.509090909090909,6.0
559,0.01791044776119403,11.105016177132072,0.2471160435225886,0.005837524500748646,0.001282731612381764,0.5151515151515151,9.0
560,0.029850746268656716,347.7112183210593,0.3066344977290481,0.04511893514549741,0.0019692728173290484,0.45263157894736844,8.0
561,0.025373134328358207,168.55807598686127,0.2992874686243286,0.03311936959147116,0.0016401443429441586,0.5220588235294118,8.0
562,0.03283582089552239,1143.9737250537185,0.31570046761898657,0.040586308904379795,0.0023451493959997455,0.33766233766233766,8.0
563,0.10895522388059702,5949.669039280225,0.31828071182548795,0.13970616232192204,0.006891022818918213,0.19444444444444445,8.0
564,0.005970149253731343,0.0,0.2670527957228781,0.014643547427080763,0.0005207057802073286,1.0,8.0
565,0.0029850746268656717,0.15933010492332525,0.24683962736652307,0.0028952033814250025,0.00040058226702412354,0.0,9.0
566,0.007462686567164179,0.0,0.24321229999890331,0.0033029880787144483,0.000667668170207696,1.0,9.0
567,0.005970149253731343,45.83955855055077,0.1794102657444485,5.161119168045518e-07,0.000768592034758601,0.6666666666666666,8.0
568,0.016417910447761194,3.2057569930854455,0.25870413466081077,0.02832975990894513,0.0010308480027348523,0.7636363636363637,9.0
569,0.011940298507462687,6.517383845437307,0.24152640663882335,0.003179934867680096,0.0010433538566427731,0.7142857142857143,9.0
570,0.013432835820895522,185.62335999476434,0.2883379270892922,0.013451251627850451,0.0011249864783079626,0.5277777777777778,8.0
571,0.026865671641791045,45.253706534934736,0.2477634283671463,0.008364743389984386,0.0019195490589923097,0.5424836601307189,9.0
572,0.005970149253731343,0.0,0.26977338247637117,0.015569031205437896,0.0005174982549603662,1.0,8.0
573,0.03880597014925373,2304.986066099456,0.31316172213671467,0.03573066332680226,0.0028590415939407704,0.35384615384615387,8.0
574,0.03283582089552239,408.8340602332883,0.31037218968448893,0.05652627157755914,0.002052877359019484,0.45021645021645024,8.0
575,0.007462686567164179,6.748288318903544,0.2928013624931512,0.01596566093743649,0.0006770952333009686,0.4,8.0
576,0.04477611940298507,252.5226173391367,0.27757814700084477,0.05238033715557655,0.002474218986193242,0.41839080459770117,8.0
577,0.0029850746268656717,0.0,0.2341789460902069,0.0011132209938778533,0.00042350781681277285,1.0,9.0
578,0.0029850746268656717,0.0,0.2382237785523623,0.0015841924569730938,0.00043017145148501476,1.0,9.0
579,0.08358208955223881,6717.996050001284,0.33234130552058977,0.09381249122277013,0.005327924569556846,0.18636363636363637,8.0
580,0.0014925373134328358,0.0,0.25277735036159404,0.002483712255214981,0.000317548229864004,0.0,9.0
581,0.029850746268656716,63.87999411845006,0.2802810671452222,0.04202190461553911,0.0016572755668112593,0.4789473684210526,8.0
582,0.004477611940298508,0.0,0.23409613882496993,0.001726359974584795,0.000505815954646578,1.0,9.0
583,0.03582089552238806,1738.197618014924,0.31316172213671467,0.036524016231999364,0.002700032463418504,0.32608695652173914,8.0
584,0.03283582089552239,367.25836491464906,0.2994228315680755,0.05573177534671929,0.00211950747961302,0.45021645021645024,8.0
585,0.013432835820895522,33.02773749722391,0.2499146397119724,0.0071034069544436565,0.001107197519650749,0.6111111111111112,9.0
586,0.058208955223880594,2018.2914805111498,0.32388643864824607,0.09380761136064922,0.0031578245834090277,0.32793522267206476,8.0
587,0.011940298507462687,53.320303077049076,0.1604517403288936,5.318189598070913e-07,0.0013894494050714452,0.39285714285714285,9.0
588,0.005970149253731343,1.0562831804211115,0.180044569104437,5.679511000852021e-07,0.000733215816332194,0.6666666666666666,8.0
589,0.008955223880597015,112.57263233382103,0.1798977936404932,9.937641329145176e-07,0.0011046993803731997,0.3333333333333333,8.0
590,0.004477611940298508,0.13090909090909092,0.24170276765133802,0.005462984170773056,0.0004424685283956634,0.6666666666666666,9.0
591,0.020895522388059702,102.27204382345165,0.2995583170122239,0.03371893948982314,0.0013878420215854223,0.5384615384615384,8.0
592,0.011940298507462687,27.798714377220993,0.18063407383274624,7.542833850694551e-07,0.0012368273711871548,0.6071428571428571,8.0
593,0.016417910447761194,94.09466384249507,0.27065571569788016,0.020239256415359525,0.0011386867761772005,0.6,8.0
594,0.028358208955223882,130.90244187932552,0.30465894183019554,0.05929173668554913,0.0016428902214571542,0.5497076023391813,8.0
595,0.05522388059701493,1276.013576872132,0.3166063513137326,0.08561407105573562,0.0030912045062775305,0.37537537537537535,8.0
596,0.041791044776119404,224.46767551637168,0.2806375076714772,0.053834573443800944,0.0025054485532034166,0.3941798941798942,8.0
597,0.04029850746268657,550.7515422018978,0.3136067648493675,0.07548236238784256,0.0024365708855266363,0.38461538461538464,8.0
598,0.022388059701492536,801.5709360162779,0.30993627368774107,0.03315162405838706,0.001649263622041452,0.5333333333333333,8.0
599,0.010447761194029851,182.31812991975013,0.2931903811324246,0.00967830190416377,0.0008714146851894972,0.38095238095238093,8.0
600,0.008955223880597015,48.02005181322338,0.2954144937960798,0.012800975457232976,0.0007871811911452253,0.7333333333333333,8.0
601,0.04776119402985075,2076.3766104247907,0.18828893077275735,6.416910588256102e-06,0.004569792158105436,0.2439516129032258,8.0
602,0.01791044776119403,1120.1785158962657,0.2493498608651657,0.00029891608735943743,0.001800887526350998,0.5,6.0
603,0.0029850746268656717,1.0508516483516483,0.24474080613568017,0.0019764224725400685,0.00043159876668003136,0.0,9.0
604,0.034328358208955224,315.1194885397401,0.3125702930108663,0.0685798277557355,0.0021166047009837834,0.4782608695652174,8.0
605,0.011940298507462687,139.88288445315007,0.2574966474511921,0.005397740418104951,0.0011191141115655672,0.42857142857142855,9.0
606,0.056716417910447764,909.7982160608994,0.3133099292934287,0.08582239560607174,0.0030317940183005893,0.3456614509246088,8.0
607,0.04029850746268657,351.32961534019927,0.29087165228339845,0.06875565882642884,0.002327728666550645,0.4472934472934473,8.0
608,0.004477611940298508,4.755917353556623,0.29202641402603213,0.013749878846266739,0.00046684481079242577,0.6666666666666666,8.0
609,0.011940298507462687,0.9323840664011172,0.2493498608651657,0.007185988444636676,0.0009568271433535058,0.8571428571428571,9.0
610,0.004477611940298508,0.0,0.23626833711528009,0.0014158562501362189,0.0005127888053653019,1.0,9.0
611,0.016417910447761194,14.986663553059259,0.2446503623787934,0.005783736499081386,0.0012055075316942407,0.5636363636363636,9.0
612,0.010447761194029851,41.30563547109073,0.2479490189501928,0.006633193007833018,0.0009425862908124776,0.5238095238095238,9.0
613,0.014925373134328358,4.843802306015198,0.297672608182111,0.031273844590392355,0.0010024900536576204,0.7777777777777778,8.0
614,0.07164179104477612,4060.36574973696,0.31615276055253816,0.03843546801331538,0.004740297129981665,0.2296099290780142,8.0
615,0.013432835820895522,285.4431799263087,0.2057892075216086,1.4654753002073076e-05,0.0015004215989076791,0.3055555555555556,7.0
616,0.016417910447761194,2.10155212280586,0.2756136055774417,0.03533325185052738,0.0010507400529113145,0.8363636363636363,8.0
617,0.004477611940298508,0.5776515151515151,0.2885893115069812,0.010452040074979085,0.0004893828140831598,0.6666666666666666,8.0
618,0.013432835820895522,309.9195029070609,0.17834695059186825,3.815041552638219e-07,0.0014359225258763026,0.5555555555555556,8.0
619,0.03134328358208955,833.2241037075975,0.30578470235427935,0.018499037375381864,0.002110186784513442,0.45714285714285713,8.0
620,0.019402985074626865,237.64695370080779,0.2948881428049064,0.02939446807525618,0.0012076126955274731,0.5128205128205128,8.0
621,0.004477611940298508,0.0,0.23618404587834999,0.0017392575096335568,0.000514691128925142,1.0,9.0
622,0.016417910447761194,11.54916852954027,0.24564893528646192,0.007006941286308751,0.0012975868552085733,0.6545454545454545,9.0
623,0.12985074626865672,22747.720725423893,0.38737500327502333,0.17131115430755828,0.0076159672138284475,0.14995990376904572,7.0
624,0.011940298507462687,4.74017844544375,0.24537578969496476,0.004072743820417669,0.000933124247190687,0.6428571428571429,9.0
625,0.025373134328358207,89.40247449089327,0.27676583636998947,0.03891578338475439,0.0016627335065607554,0.4485294117647059,8.0
626,0.034328358208955224,1221.4357865687045,0.31051776763462235,0.043228810812486404,0.002278798471000141,0.3438735177865613,8.0
627,0.014925373134328358,104.46579966132602,0.25219957356076755,0.007263962531749959,0.0011756931275385472,0.4,9.0
628,0.005970149253731343,2.5992212456450923,0.18014255254340542,5.430077957109207e-07,0.0007475120218023078,0.5,8.0
629,0.0029850746268656717,0.0,0.23376549456109283,0.0008705274442682621,0.0004131269187735512,1.0,9.0
630,0.007462686567164179,23.51324621047105,0.2890933976406178,0.003420839460958905,0.0008175174889887806,0.8,6.0
631,0.007462686567164179,0.6595238095238095,0.2538435124988554,0.0047367319515675904,0.0007510944321918191,0.9,9.0
632,0.004477611940298508,6.944641907799802,0.17805913948279045,4.367627770445365e-07,0.0006980920394715816,0.3333333333333333,8.0
633,0.0029850746268656717,0.0,0.2404736217206738,0.0016322020620669969,0.00043460016664551666,1.0,9.0
634,0.007462686567164179,3.138529571079262,0.24437943174492985,0.0023669159075678675,0.0006753017448835022,0.6,9.0
635,0.004477611940298508,0.0,0.18212486398817465,2.641774521763635e-06,0.00059588457224277,1.0,8.0
636,0.005970149253731343,18.935232898480713,0.2544288549565776,0.004606718889824641,0.0005926033341466833,0.3333333333333333,9.0
637,0.0014925373134328358,0.0,0.24038630377524142,0.001255330170013704,0.00033033840044774794,0.0,9.0
638,0.011940298507462687,8.590464234109872,0.15584366304072855,2.4167108443286585e-07,0.001275078649319366,0.5714285714285714,9.0
639,0.011940298507462687,6.003501953068383,0.20740096509931544,1.6263398423031532e-05,0.00128783619133662,0.6428571428571429,7.0
640,0.04477611940298507,9694.870795262254,0.21705701003180813,1.1571076963330411e-05,0.004433792441870641,0.18160919540229886,7.0
641,0.004477611940298508,0.0,0.28871516816267545,0.0030770859309133345,0.0005565678681658955,1.0,6.0
642,0.004477611940298508,62.26655816045277,0.2322890809112333,0.000856938843763996,0.0006666375886773288,0.0,9.0
643,0.008955223880597015,2.1317460317460313,0.25191167450419133,0.010556115647811837,0.0007479512074195482,0.4,9.0
644,0.007462686567164179,1.6663911419316852,0.27043459174714657,0.01536998626393088,0.0005979739694336771,0.4,8.0
645,0.026865671641791045,165.00564829254012,0.29528272997190674,0.0518205539051585,0.0016240786032516972,0.5555555555555556,8.0
646,0.028358208955223882,120.87597202394315,0.29358043485455204,0.05535212796216128,0.0017027654745746653,0.5847953216374269,8.0
647,0.03731343283582089,476.37108113022083,0.31435132032146956,0.06429764788868747,0.0021848608174096116,0.44,8.0
648,0.023880597014925373,809.1903339234561,0.18157539237438697,1.4936490350507812e-06,0.002423517329490669,0.3333333333333333,8.0
649,0.013432835820895522,52.476902756671045,0.18127707573850355,1.273827113656121e-06,0.0014277561236216941,0.3055555555555556,8.0
650,0.0029850746268656717,0.0,0.2510519076970098,0.006558206812625873,0.00037880193365297953,1.0,9.0
651,0.014925373134328358,31.06933349434549,0.24739307944582023,0.005670986314976645,0.0011461247959582898,0.5777777777777777,9.0
652,0.007462686567164179,0.2638888888888889,0.2641755309644912,0.014664782145560986,0.0006098039812875533,0.9,8.0
653,0.058208955223880594,1815.881940624174,0.3185870455231063,0.08605144984616696,0.003383252521525512,0.32388663967611336,8.0
654,0.011940298507462687,0.5846171802054154,0.24179104477611943,0.003843580968976144,0.0009449427980638455,0.8571428571428571,9.0
655,0.026865671641791045,119.45515234284566,0.31509941960828886,0.061245831728046575,0.0016521284118879642,0.5882352941176471,8.0
656,0.004477611940298508,6.07512944571768,0.1556604468838502,1.235846461262762e-07,0.0007180899885993649,0.0,9.0
657,0.010447761194029851,0.5499643916392956,0.2718783903889178,0.02113199790031934,0.0007426846086591452,0.8571428571428571,8.0
658,0.034328358208955224,7231.701407167691,0.21550256529850745,9.934593742971848e-06,0.0032498374968396937,0.30434782608695654,7.0
659,0.023880597014925373,29.875938817134948,0.24720831986445665,0.007773049583179619,0.0016962435843367503,0.575,9.0
660,0.0029850746268656717,0.0,0.23026917585983125,0.0014763536722175777,0.0004115570610732526,1.0,9.0
661,0.010447761194029851,444.1793847745884,0.18024064268908654,5.343616023658491e-07,0.0013628426677944135,0.09523809523809523,8.0
662,0.004477611940298508,23.268021710304918,0.28997979877223606,0.008322459993357243,0.0004983528702227942,0.3333333333333333,8.0
663,0.06119402985074627,3240.7576994793767,0.3237280589716454,0.05085202119304365,0.004113030731764647,0.25121951219512195,8.0
664,0.049253731343283584,472.98763725876927,0.31721316751174644,0.0925853576615435,0.0028297141462543477,0.4090909090909091,8.0
665,0.004477611940298508,0.0,0.15525888381731118,1.1125421500547663e-07,0.0006404555431799621,1.0,9.0
666,0.010447761194029851,194.41819039875398,0.18033883971588527,1.6795751786891538e-06,0.001217805534919806,0.47619047619047616,8.0
667,0.004477611940298508,0.6208333333333333,0.23796688734615917,0.003839152666902519,0.0004961685626024374,0.3333333333333333,9.0
668,0.005970149253731343,0.0,0.2400376651910859,0.006968348334758327,0.0005458281216348282,1.0,9.0
669,0.007462686567164179,1.914915252851706,0.26512770548538844,0.010818628601462741,0.000620512187753513,0.9,8.0
670,0.022388059701492536,165.3716173711619,0.3139041633935585,0.033232638366576854,0.0014430327030179977,0.580952380952381,7.0
