UserId,degree,betweenness,closeness,eigenvector,pagerank,clustering,eccentricity,pagerank_lph
0,0.004477611940298508,0.3293054644771109,0.38003403289846854,0.011094651419065906,0.00046852370115224107,0.6666666666666666,5.0,0.0011332681153120195
1,0.01791044776119403,262.36743231706436,0.31935176358436607,0.0016542098462373463,0.00174605725892438,0.30303030303030304,4.0,0.0014263307687306674
2,0.005970149253731343,0.0,0.40288634996993383,0.016381876250325736,0.000560955062274739,1.0,5.0,0.0011824521346422816
3,0.029850746268656716,373.438130566078,0.41053921568627455,0.03870345945780108,0.0019364649085412495,0.43157894736842106,4.0,0.001550251228260915
4,0.010447761194029851,2.490548766927491,0.3602150537634409,0.01613158950800337,0.0007922594275596049,0.6190476190476191,6.0,0.001255915487705932
5,0.005970149253731343,1.6242231408656826,0.37098560354374305,0.012632014563050133,0.0005348173188486516,0.6666666666666666,5.0,0.0012078824638816475
6,0.016417910447761194,92.82832448888053,0.32859244727807746,0.003838450456499028,0.0013697850076561191,0.2545454545454545,4.0,0.0014397130467615105
7,0.008955223880597015,82.80207730709054,0.37746478873239436,0.017741386204208526,0.0007547815144685029,0.4666666666666667,5.0,0.0012559274240987284
8,0.016417910447761194,17.99666277991486,0.3590568060021436,0.014554490839520135,0.0011231981161366625,0.5818181818181818,4.0,0.0018456026647275818
9,0.008955223880597015,0.0,0.3701657458563536,0.01853899165838722,0.000684762462918658,1.0,5.0,0.0011948071343771776
10,0.008955223880597015,8.451182024765803,0.3663203936577365,0.013798391437374354,0.0007123732070745833,0.4666666666666667,5.0,0.0012801420804589541
11,0.014925373134328358,7.415283365709047,0.3772522522522523,0.019955964410024,0.0010050762229221685,0.6444444444444445,5.0,0.0026641566852300008
12,0.007462686567164179,0.3680827943985838,0.3448275862068966,0.011523750137193174,0.0006371068654993748,0.8,6.0,0.0012670914801888164
13,0.004477611940298508,0.0,0.37119113573407203,0.010501041677328276,0.0004839751938613292,1.0,5.0,0.001640205361036374
14,0.32686567164179103,27984.560230179606,0.5325914149443561,0.23012558458667934,0.021128011425496727,0.06547693854467765,5.0,0.001231343657717509
15,0.004477611940298508,0.0,0.3699613473219216,0.011400765641334696,0.00045911014756100854,1.0,5.0,0.0012092491359904619
16,0.05373134328358209,361.4148308921462,0.4305912596401028,0.07007859182425744,0.003105852546179896,0.30317460317460315,5.0,0.0013892032250324535
17,0.010447761194029851,48.05559988491084,0.3103288559518295,0.0015088537118949949,0.001047475363491096,0.38095238095238093,4.0,0.001651396246601864
18,0.10149253731343283,10249.412920261922,0.43848167539267013,0.053265273389331944,0.007364238610426182,0.13652326602282705,3.0,0.0013312343733745762
19,0.014925373134328358,35.23267222892831,0.4092852779474649,0.028856647788995573,0.0010334899298607993,0.5777777777777777,5.0,0.0012175725533311573
20,0.03134328358208955,710.9537750606942,0.3757711721817162,0.014793483674585252,0.002261369064838122,0.23333333333333334,4.0,0.0014780547919481877
21,0.020895522388059702,63.32833969169484,0.4192740926157697,0.037157175930317914,0.001329016500455952,0.4835164835164835,5.0,0.0013600754927322234
22,0.0791044776119403,1464.8685093403897,0.46143250688705234,0.0953879720066311,0.0047264702123296564,0.22859216255442671,5.0,0.0013377137050636758
23,0.004477611940298508,3.1685828608235367,0.30705774518790097,0.0007344753171478661,0.0005521524345030814,0.3333333333333333,4.0,0.0011425569910751365
24,0.004477611940298508,0.5,0.3056569343065693,0.0014051182876901258,0.0006390624213906045,0.6666666666666666,4.0,0.0021269826476997718
25,0.020895522388059702,15.10382067822503,0.369757174392936,0.02516107866347949,0.0014097700634592926,0.5164835164835165,6.0,0.0018141736945437952
26,0.007462686567164179,4.9480662279357945,0.35374868004223864,0.010199248267150861,0.0006209775202133708,0.6,5.0,0.0018155981203897545
27,0.008955223880597015,0.0625,0.37098560354374305,0.013366651501066648,0.000703194385395744,0.9333333333333333,5.0,0.0013284426590127823
28,0.004477611940298508,0.0,0.3749300503637381,0.012428415796402624,0.00045943740258017627,1.0,5.0,0.0012002185818190297
29,0.1761194029850746,8673.828609486993,0.503380916604057,0.16270765195470197,0.010528101878554469,0.14428509343763582,4.0,0.001314298756303889
30,0.008955223880597015,0.0,0.3806818181818182,0.02472570111553426,0.0007065159021573319,1.0,6.0,0.0011830800121225985
31,0.005970149253731343,0.4210373075743582,0.3016659162539397,0.0005782211392960867,0.0006735067913077149,0.6666666666666666,4.0,0.0021994434065837148
32,0.013432835820895522,0.7800582919286496,0.4224464060529634,0.035530212344625244,0.0009237977583138816,0.9166666666666666,5.0,0.001364072490494963
33,0.011940298507462687,0.35657752122627095,0.3911266783420899,0.024231205058494968,0.0008479978230649435,0.9642857142857143,5.0,0.001409969098165514
34,0.0029850746268656717,0.0,0.39089848308051345,0.011650062570099201,0.00038794271774720434,1.0,5.0,0.0010759570316211321
35,0.019402985074626865,1120.0576529954628,0.3380423814328961,0.005240426140846009,0.0016952330968357265,0.41025641025641024,4.0,0.0016646648142920393
36,0.004477611940298508,0.0,0.3757711721817162,0.009985623668548538,0.0004634878879281722,1.0,5.0,0.0012794890015894041
37,0.014925373134328358,68.57494845300302,0.36914600550964183,0.021259499389838798,0.0010899797573912153,0.3111111111111111,6.0,0.0013959410639912064
38,0.014925373134328358,66.43832241075232,0.33151904997525977,0.002833307171242271,0.001318304736376882,0.5333333333333333,4.0,0.0015726892615748702
39,0.007462686567164179,5.910052201380026,0.3607969843834141,0.0115872040753185,0.0006727666699107522,0.7,6.0,0.0016159767404112034
40,0.025373134328358207,62.3018405950504,0.4314230521571153,0.04264429855846559,0.0015945585961103486,0.5073529411764706,5.0,0.0014095433984201314
41,0.004477611940298508,0.0,0.3496868475991649,0.00835028834712854,0.0004706711476872283,1.0,6.0,0.0012330647672874053
42,0.014925373134328358,6.755127601363083,0.39089848308051345,0.025227681273898794,0.0010159214646931996,0.6444444444444445,5.0,0.0017648595188924656
43,0.004477611940298508,2.6489048416208143,0.2802174822250104,0.0004636536343003397,0.0006029127725145632,0.3333333333333333,5.0,0.0013354324463808187
44,0.004477611940298508,0.9285825094070556,0.369757174392936,0.010493293586224636,0.0004653424723570812,0.6666666666666666,5.0,0.0012598028330247572
45,0.005970149253731343,59.88221098226427,0.39434961742201297,0.014941182358946497,0.0005974667571763081,0.6666666666666666,5.0,0.0014556618118908183
46,0.010447761194029851,11.87855430736887,0.2670386608210442,0.00033360991958450984,0.0010854344965854131,0.42857142857142855,5.0,0.0019469977475128773
47,0.0791044776119403,739.0917044899574,0.4007177033492823,0.07223795873147233,0.004882363441736743,0.22351233671988388,6.0,0.0013841645931099117
48,0.005970149253731343,0.0,0.37640449438202245,0.013973802081020656,0.000538935932072363,1.0,5.0,0.0013000775234733445
49,0.005970149253731343,11.90412532295555,0.2834179357021997,0.0004176990028492701,0.0007380485353799529,0.3333333333333333,5.0,0.0019656866951592925
50,0.005970149253731343,0.45126494832746356,0.37746478873239436,0.01200275887464705,0.000547109955367638,0.8333333333333334,5.0,0.0011883269526194186
51,0.010447761194029851,4.859775432896205,0.40337146297411197,0.024947645603935677,0.0007803327816276643,0.6666666666666666,5.0,0.0013512277787272543
52,0.010447761194029851,24.19710861704585,0.39504716981132076,0.01861877708368362,0.000798043777254443,0.5714285714285714,5.0,0.0016084239198768538
53,0.005970149253731343,1.2812196880688342,0.34679089026915116,0.009199344694798843,0.0005549856231417603,0.6666666666666666,6.0,0.0012608247004545225
54,0.005970149253731343,6.651219063022734,0.30889810972798526,0.0016241392734887199,0.0008163572432226769,0.5,4.0,0.0015309120661574829
55,0.03283582089552239,259.3877940056325,0.4289372599231754,0.048683015307950224,0.002081815663350419,0.38095238095238093,5.0,0.0014396267353367367
56,0.03134328358208955,199.74601913350412,0.42032622333751574,0.035423437361193084,0.002008024807444149,0.5190476190476191,4.0,0.001649351316235948
57,0.014925373134328358,25.012748285378198,0.3990470518165575,0.02442580579443052,0.0010666220994914306,0.7333333333333333,4.0,0.0013961197909622286
58,0.004477611940298508,0.5180851712718698,0.36373507057546145,0.010539348968585053,0.00045915358088339825,0.3333333333333333,5.0,0.00111248248365026
59,0.008955223880597015,27.659444940856048,0.38111490329920367,0.015315189047685631,0.0007052486490494847,0.6,5.0,0.001353514842864893
60,0.023880597014925373,46.390201627796564,0.4072948328267477,0.038873278096864444,0.00152160820076974,0.5416666666666666,5.0,0.0015789283006107761
61,0.005970149253731343,4.760789830713463,0.3552492046659597,0.010780627183858518,0.0005691929399737739,0.6666666666666666,6.0,0.001221276604822932
62,0.008955223880597015,0.30457834341863044,0.3983353151010702,0.021506089281579904,0.0006951051917269225,0.8,5.0,0.0014984315982393016
63,0.0029850746268656717,0.5909090909090908,0.23885918003565063,2.8314607729081577e-05,0.0005537028231909213,0.0,5.0,0.0014538957148227398
64,0.005970149253731343,0.269291726099747,0.3437660338635198,0.00610128344336879,0.0005588884147307769,0.8333333333333334,5.0,0.001455259245907347
65,0.007462686567164179,0.13914830841856807,0.38594470046082946,0.014700235523865552,0.000619657331387357,0.9,5.0,0.001300945927123561
66,0.028358208955223882,1288.0825556231168,0.4021608643457383,0.012095095728882135,0.0023385864889681226,0.2573099415204678,4.0,0.0013656242324836664
67,0.008955223880597015,3.888075823273789,0.35506094329623744,0.01517675049971975,0.0007352923382366843,0.6666666666666666,6.0,0.0020274312434400486
68,0.008955223880597015,7.95179445904941,0.38505747126436785,0.01447285760138299,0.0007377375801523004,0.6666666666666666,5.0,0.001616202200424714
69,0.04029850746268657,1631.9999857588161,0.3673245614035088,0.009420108331301344,0.0035504714779237847,0.1623931623931624,4.0,0.0012836739778512277
70,0.005970149253731343,9.87196033395813,0.3734671125975474,0.011270029835499172,0.0005535940851585213,0.6666666666666666,5.0,0.0011926726337355964
71,0.016417910447761194,25.079125853017555,0.37098560354374305,0.020614871966719704,0.0012163105944397509,0.5272727272727272,6.0,0.0013713211757917358
72,0.23880597014925373,17547.80613324753,0.49592894152479644,0.15807787271931314,0.01613210586736324,0.07625786163522012,5.0,0.0012204420892185895
73,0.005970149253731343,0.0,0.37305122494432075,0.012738305774143302,0.0005355779338608491,1.0,5.0,0.0012924130876992295
74,0.014925373134328358,3.421511175774417,0.41383570105003087,0.0313530161449566,0.0010070478151636719,0.8222222222222222,5.0,0.0012133081127381764
75,0.005970149253731343,8.080412896157478,0.368942731277533,0.015382787539217176,0.0005620533926361365,0.6666666666666666,6.0,0.0018557664962239263
76,0.022388059701492536,145.81311059055136,0.4123076923076923,0.03663119255830609,0.0014794268308903186,0.47619047619047616,5.0,0.0013025385794899807
77,0.01791044776119403,15.446052909153822,0.4161490683229814,0.03715923309908774,0.001184191291672791,0.7424242424242424,5.0,0.0012945646375314688
78,0.004477611940298508,0.0,0.3720155469183787,0.010147167396196794,0.00046707095221734023,1.0,5.0,0.0011136427514957554
79,0.014925373134328358,47.73458917788317,0.3268292682926829,0.003032137739377764,0.0013099582757238014,0.4,4.0,0.0015236171798034645
80,0.023880597014925373,53.82871975488337,0.38818076477404406,0.03828640558812092,0.0015457222142812308,0.49166666666666664,6.0,0.001607341392005633
81,0.005970149253731343,211.59643515290767,0.2878006872852234,0.0004299027711100221,0.0008163038141566345,0.5,5.0,0.0014631121959247085
82,0.014925373134328358,82.98962237015974,0.4164077066500932,0.03148662727173085,0.0010254314083023317,0.5555555555555556,5.0,0.00136920740947089
83,0.007462686567164179,0.4662878787878787,0.3611859838274933,0.01239369761804372,0.0006526893251485472,0.8,6.0,0.0012344143692367578
84,0.03134328358208955,3954.985087980882,0.3667214012041598,0.00459501219222046,0.0033630508152403386,0.12380952380952381,4.0,0.00127003882226637
85,0.056716417910447764,4428.662784010722,0.42271293375394325,0.021539696203346052,0.004360262891754548,0.15789473684210525,4.0,0.001295304206941784
86,0.008955223880597015,74.39134520105918,0.31618688060405853,0.0017366364382374036,0.0010584619328457268,0.13333333333333333,4.0,0.0015790417249087777
87,0.011940298507462687,24.714826180931816,0.3988095238095238,0.019304038307144878,0.0008806329167385271,0.4642857142857143,5.0,0.0014912522744327677
88,0.005970149253731343,0.12143492176386914,0.36373507057546145,0.015157179789996554,0.0005438113261651941,0.8333333333333334,6.0,0.0012464604874254624
89,0.013432835820895522,105.27452813175881,0.36853685368536854,0.007632017984087931,0.0011149109654237635,0.4444444444444444,4.0,0.0015071497888571044
90,0.014925373134328358,9.038562021196633,0.37284362826933776,0.02398510870439896,0.001071066805408332,0.6444444444444445,6.0,0.0013373065502828702
91,0.022388059701492536,1184.9733634127804,0.3734671125975474,0.006651593401686902,0.0020303687739577875,0.2,4.0,0.0014339149234262282
92,0.008955223880597015,6.3824079683179,0.3713968957871397,0.019357635428000113,0.0007248450109561725,0.8,6.0,0.0011527436406932462
93,0.019402985074626865,49.24688282598234,0.41383570105003087,0.03261692370964284,0.0013355325878644775,0.5256410256410257,5.0,0.001470872152766897
94,0.034328358208955224,865.3907906847277,0.4428288169200264,0.05255657313147821,0.0021879938006849364,0.33992094861660077,5.0,0.0015679195114738549
95,0.005970149253731343,2.43849411046605,0.40023894862604537,0.017401680230926697,0.000541942374787855,0.8333333333333334,5.0,0.0012461865843062863
96,0.005970149253731343,0.14845559845559847,0.3649237472766884,0.01413297577797689,0.0005534480241916388,0.8333333333333334,6.0,0.0011359800790453258
97,0.008955223880597015,0.8630860967817489,0.37037037037037035,0.018247674664101925,0.0007146840693721044,0.8,6.0,0.0013120369682369782
98,0.041791044776119404,524.8749401173945,0.4164077066500932,0.04500528782502843,0.002585337221928698,0.35978835978835977,4.0,0.001520954582831744
99,0.0029850746268656717,0.0,0.27986633249791143,0.00042056042094172966,0.00045294846491577634,1.0,5.0,0.0011625929201546101
100,0.005970149253731343,0.0,0.3667214012041598,0.015120437847568011,0.000553806609934828,1.0,6.0,0.0011091536924319274
101,0.10895522388059702,3345.043718634515,0.46984572230014027,0.10318457200636483,0.006505096456417711,0.18531202435312025,4.0,0.0013983080980254582
102,0.010447761194029851,1.917938363328794,0.3973902728351127,0.02391458897013505,0.0007696357247099807,0.6666666666666666,5.0,0.0012566324037863983
103,0.011940298507462687,4.307802769738191,0.37789058093626626,0.02386956891189405,0.0008929553699174243,0.7857142857142857,6.0,0.0018679985768056213
104,0.04626865671641791,1200.8356059592397,0.46592489568845624,0.07874769386350101,0.0028238207900697634,0.3913978494623656,4.0,0.0014568482306171243
105,0.011940298507462687,20.968313168607825,0.38003403289846854,0.017000945592301895,0.0008669594816245586,0.35714285714285715,5.0,0.0015665746940486498
106,0.0029850746268656717,0.0,0.3506017791732078,0.008387609017737786,0.0003857414266862149,1.0,6.0,0.0011265921984908453
107,0.0029850746268656717,1.9458289462826668,0.25543271063667555,0.0001812829749494214,0.0004854212016968391,0.0,5.0,0.0011474265406374701
108,0.0029850746268656717,0.0,0.3482328482328482,0.006891087508247216,0.0003908455245397882,1.0,6.0,0.0011303302328865192
109,0.04328358208955224,2753.8815594781654,0.3543098889476467,0.005880019835750553,0.004008675318288095,0.1477832512315271,4.0,0.0012189628207099612
110,0.029850746268656716,226.34025486186607,0.440499671268902,0.051402779563114266,0.0018792570465992057,0.4631578947368421,5.0,0.0013721415115726277
111,0.005970149253731343,8.369571306129377,0.3069170865781035,0.0009486868796558762,0.0006975009340365682,0.3333333333333333,4.0,0.0011633828729524951
112,0.010447761194029851,70.78056329672229,0.3123543123543123,0.0010886429107844905,0.001023551076346223,0.19047619047619047,5.0,0.0014673098986946191
113,0.0029850746268656717,0.0,0.2752670501232539,0.00027075777783651205,0.0004683443380849036,1.0,5.0,0.0012496781134255926
114,0.004477611940298508,2.604917070012989,0.3491401771756123,0.007276984041492381,0.0004617393614533083,0.6666666666666666,5.0,0.0014897162644941398
115,0.0029850746268656717,0.34809336255231776,0.3175355450236967,0.003269120973046101,0.0003851196197860338,0.0,6.0,0.001189207080262871
116,0.011940298507462687,16.47941030300257,0.3621621621621621,0.015820755577786536,0.000902788535141238,0.32142857142857145,6.0,0.0012233606258843838
117,0.03582089552238806,116.73649237655847,0.4328165374677002,0.052383232564303,0.0021381756842477353,0.5362318840579711,4.0,0.0017639901960955547
118,0.13582089552238805,9664.39229172912,0.4944649446494465,0.11615911940220565,0.008417458616154585,0.15286935286935288,4.0,0.001312675853440073
119,0.011940298507462687,10.518092267706203,0.40191961607678467,0.024057677476643443,0.0008847159371550138,0.6428571428571429,5.0,0.0014966721126759316
120,0.028358208955223882,355.38200675666803,0.3188957639219419,0.0021794190581484445,0.0025368433830521464,0.2982456140350877,4.0,0.0014089173937970262
121,0.007462686567164179,24.20363720785697,0.3062157221206581,0.0006648184592889826,0.0008055740668144012,0.7,4.0,0.001586328371910505
122,0.0029850746268656717,0.0,0.3651226158038147,0.007215021974248255,0.00038841417595779956,1.0,5.0,0.0011424140845229342
123,0.005970149253731343,0.4002344877344878,0.3257170636849781,0.007337036246707197,0.0005431627221141861,0.6666666666666666,6.0,0.001168925113854086
124,0.008955223880597015,0.0,0.3787450537026569,0.023498844671542285,0.0007030083613560396,1.0,6.0,0.0019439323966150947
125,0.011940298507462687,62.64885196918617,0.3100416473854697,0.0009250205386346918,0.0011649902521629117,0.5,4.0,0.0017450422960442692
126,0.0029850746268656717,2.7492849912004984,0.2622309197651664,0.00015802316424943879,0.0005120209561546783,0.0,5.0,0.0012041566311278848
127,0.05223880597014925,409.5778645912957,0.43905635648754915,0.06833535518208053,0.003103904798399195,0.27563025210084036,5.0,0.0015108273202856387
128,0.008955223880597015,1.4131584059960207,0.3451828954147346,0.011157514762225674,0.0006872131414246953,0.5333333333333333,5.0,0.0023719678812631814
129,0.023880597014925373,106.51577417623675,0.4367666232073012,0.042792805322061964,0.0015297422666555687,0.4666666666666667,5.0,0.0015300657212318938
130,0.008955223880597015,0.4356702905722476,0.3861671469740634,0.020960172345428213,0.0006884270451707292,0.8666666666666667,5.0,0.0014658630626349408
131,0.016417910447761194,13.359851405659423,0.3793884484711212,0.030113671760748306,0.0011244479227632744,0.6727272727272727,6.0,0.0015414222211218229
132,0.028358208955223882,72.0748550820982,0.3813318155947638,0.035392697952207806,0.0019003277119988733,0.4327485380116959,6.0,0.0016440546655580243
133,0.01791044776119403,90.62978851809186,0.41511771995043373,0.03090440291259901,0.001237248253056637,0.5606060606060606,5.0,0.0015465695638099274
134,0.004477611940298508,3.765585790675987,0.28317836010143704,0.0005612254294414981,0.0005456865705553996,0.0,5.0,0.001230026759972425
135,0.005970149253731343,7.351107634572813,0.379173740803622,0.013227106290103787,0.0005487826423573582,0.6666666666666666,5.0,0.0013533849430923872
136,0.011940298507462687,91.70940044803869,0.36853685368536854,0.013691549942834252,0.0009518874338060228,0.4642857142857143,5.0,0.0012363557374120496
137,0.010447761194029851,12.310331867221512,0.35244608100999475,0.011684665910654445,0.000857308173772248,0.38095238095238093,6.0,0.0016044638044693939
138,0.007462686567164179,0.07472826086956522,0.3761931499157777,0.01927456546215796,0.0006050208998604409,0.9,5.0,0.001276644265641878
139,0.007462686567164179,5.612767981338802,0.40361445783132527,0.01810758545512197,0.000633706519916835,0.7,5.0,0.0012849282065675839
140,0.007462686567164179,0.39103230120175114,0.39067055393586003,0.018223138436750167,0.0006130268303658618,0.9,5.0,0.0011511247704397917
141,0.007462686567164179,1.546889529082838,0.4038577456298975,0.01980281797116155,0.0006182298531363683,0.9,5.0,0.001262540938859573
142,0.008955223880597015,1.821808068184096,0.37098560354374305,0.01968726459839488,0.0006993512299942386,0.8,6.0,0.0012887084052833745
143,0.004477611940298508,1.7434216839545749,0.27313493681206685,0.0001928875806803233,0.0006227647671476286,0.3333333333333333,5.0,0.0013258619823097847
144,0.004477611940298508,38.18326311205013,0.2824620573355818,0.00030680821739293947,0.0007613784255547065,0.0,5.0,0.0014249443330804359
145,0.005970149253731343,1.4665522518042748,0.36373507057546145,0.01278996727809733,0.0005562866389094959,0.6666666666666666,6.0,0.0012552275440724328
146,0.004477611940298508,0.0,0.3955135773317592,0.014228191309706753,0.0004693024244527455,1.0,5.0,0.0012873797345542067
147,0.014925373134328358,13.923443181024236,0.42032622333751574,0.035133262920262594,0.001007394759686687,0.6222222222222222,5.0,0.001401448165267284
148,0.03582089552238806,246.23018677456812,0.380465644520159,0.035048170365524184,0.0024248716448887118,0.3079710144927536,6.0,0.0013580425259090703
149,0.04477611940298507,254.80003011747624,0.4520917678812416,0.07231273190796865,0.0026996178923415124,0.4436781609195402,5.0,0.0014195589707215286
150,0.008955223880597015,85.79552443062052,0.2882960413080895,0.00043493924623145343,0.0011180974515002872,0.13333333333333333,5.0,0.0021821018343118493
151,0.016417910447761194,45.229884634274434,0.3877314814814815,0.024261469663336817,0.0011508053007445482,0.4727272727272727,5.0,0.0018185510767629086
152,0.008955223880597015,0.8290070997266291,0.4063068526379624,0.026348193718813584,0.0006924828922047643,0.9333333333333333,5.0,0.001971648612276947
153,0.008955223880597015,34.45638185910883,0.3211888782358581,0.002291836871720847,0.0008848902028104538,0.13333333333333333,4.0,0.0014826788736092477
154,0.005970149253731343,0.6286116728200108,0.35600425079702447,0.010401639920049905,0.0005360812292877035,0.8333333333333334,5.0,0.0013675874531122246
155,0.007462686567164179,1.6960978006954377,0.3673245614035088,0.016883600717331724,0.000626689619074201,0.6,6.0,0.0011719920044835049
156,0.04328358208955224,252.0472105745903,0.4026442307692308,0.05076094713488841,0.002736643562976028,0.3448275862068966,5.0,0.001487326161293301
157,0.004477611940298508,0.0,0.3941176470588235,0.014770149169412222,0.00047013086318651687,1.0,5.0,0.0012922537696269784
158,0.013432835820895522,14.943760881589384,0.4092852779474649,0.02896015827907712,0.0009685020998755918,0.5277777777777778,5.0,0.0013773617323307589
159,0.008955223880597015,0.09090909090909091,0.3813318155947638,0.01546724860584712,0.0006994276635872465,0.9333333333333333,5.0,0.001392387632756149
160,0.013432835820895522,55.36296726723303,0.29334500875656744,0.0006157643338061477,0.0015430878213300808,0.3055555555555556,5.0,0.0016906262605008349
161,0.010447761194029851,19.153193974194263,0.3254006799417193,0.0028413419775038394,0.000980856753152706,0.42857142857142855,4.0,0.0015475398683790424
162,0.008955223880597015,6.5396805845370265,0.4024024024024024,0.022592809724259876,0.0007106156097241481,0.8666666666666667,5.0,0.001981998777180233
163,0.007462686567164179,10.250482560287946,0.37535014005602246,0.012794076089267392,0.0006327037268039663,0.4,5.0,0.001652051820753463
164,0.06865671641791045,684.6720765712641,0.4589041095890411,0.0899569320066299,0.003985055096644979,0.30434782608695654,5.0,0.0013640262271421464
165,0.010447761194029851,8.710701255196676,0.4082876294942109,0.024840062091063368,0.0007764977695352078,0.7142857142857143,5.0,0.0014742401616099682
166,0.004477611940298508,0.6853989916444777,0.3341645885286783,0.00465447908836105,0.0004683963266954364,0.6666666666666666,5.0,0.0014258151167539648
167,0.01791044776119403,31.776485167332382,0.3308641975308642,0.005331724420743431,0.0014176631342209516,0.45454545454545453,4.0,0.0015099667400088244
168,0.019402985074626865,23.751396889469834,0.41205412054120544,0.03732636310504638,0.0012704240637274214,0.7307692307692307,5.0,0.0015389222032132373
169,0.004477611940298508,0.0,0.39691943127962087,0.014559655981314016,0.0004691497325886657,1.0,5.0,0.0012823397413279424
170,0.007462686567164179,10.163945815387958,0.36792970895112576,0.012270560792361005,0.0006227100018799801,0.5,5.0,0.0014487174791030031
171,0.004477611940298508,2.230702456935853,0.28879310344827586,0.000520081302552975,0.0005879475344438705,0.6666666666666666,5.0,0.0014450264929617988
172,0.008955223880597015,52.493586261828085,0.34166241713411527,0.003957717843513598,0.0008230719544304695,0.2,5.0,0.0024758689809530584
173,0.0029850746268656717,0.0,0.35374868004223864,0.005886956679190359,0.00038389908537342983,1.0,5.0,0.0011152998600248033
174,0.016417910447761194,5.707339017926112,0.394814378314673,0.029165598952132867,0.0010774032828534477,0.5272727272727272,5.0,0.0016761469253406237
175,0.03731343283582089,130.00165732479897,0.3872832369942196,0.044496607999423905,0.002340497807572702,0.33,6.0,0.001488474321795602
176,0.05223880597014925,1389.334759561347,0.4472630173564753,0.05216706245601784,0.0032995050619320622,0.3310924369747899,4.0,0.0014799368920264554
177,0.008955223880597015,0.23970588235294116,0.37057522123893805,0.01908877985040006,0.000705576923428749,0.8666666666666667,6.0,0.001177062263117519
178,0.005970149253731343,0.1111111111111111,0.33449825262106836,0.007682784753936277,0.0005511735537150638,0.8333333333333334,6.0,0.0012794443183789797
179,0.005970149253731343,5.7298572586512675,0.3667214012041598,0.01056491476746951,0.0005619888225405436,0.6666666666666666,5.0,0.0012839436632468683
180,0.004477611940298508,1.4091212949051695,0.31191806331471134,0.0034956508259024912,0.0004995415070992048,0.0,6.0,0.0010879437880896795
181,0.04776119402985075,5291.729950966603,0.4314230521571153,0.02005457837680489,0.0038402967604984784,0.15725806451612903,3.0,0.00132207069169302
182,0.005970149253731343,1.7978146856010626,0.3766160764474424,0.011884914466767281,0.0005597282597469776,0.6666666666666666,5.0,0.0013169955261674356
183,0.007462686567164179,0.6971201212580522,0.3067765567765568,0.0007007076506069518,0.0007961502213344626,0.7,4.0,0.0015170939188061546
184,0.019402985074626865,92.22621619842796,0.4224464060529634,0.03397789172378567,0.0013447114196787173,0.44871794871794873,5.0,0.001369968099434655
185,0.005970149253731343,1.6319055675903826,0.3606027987082885,0.01267993345881933,0.0005427852649274341,0.5,6.0,0.0012746205761703204
186,0.03880597014925373,385.24550095905295,0.43563068920676207,0.06442001108584684,0.0024695095819429274,0.4492307692307692,5.0,0.0014447234448237323
187,0.025373134328358207,640.3566941936882,0.33004926108374383,0.003612113075704757,0.002296013678547482,0.2647058823529412,4.0,0.0014358617899027659
188,0.04477611940298507,387.6164545342066,0.4208542713567839,0.05139081496601848,0.0029108181194198736,0.3425287356321839,5.0,0.0013877131939570447
189,0.010447761194029851,7.657495906567182,0.38329519450800914,0.016337516883137043,0.0008391431915091836,0.6666666666666666,5.0,0.0016010446937036586
190,0.0029850746268656717,3.9346971254865997,0.2818679007151872,0.0003037899244274078,0.0005167587081487269,0.0,5.0,0.001305048186561523
191,0.004477611940298508,2.289261313399244,0.29054640069384213,0.00047317386393141715,0.0006196823726647618,0.6666666666666666,5.0,0.0013986738485230626
192,0.007462686567164179,0.4559581312001013,0.3530031612223393,0.011608412059950602,0.0006107606188406504,0.8,5.0,0.0015750220469739052
193,0.005970149253731343,7.264073709866746,0.29463500439753737,0.0006421645610492154,0.0007067784004098195,0.16666666666666666,5.0,0.001272008254620765
194,0.06119402985074627,979.575638726724,0.43934426229508194,0.06667835061484523,0.003926652327847854,0.24146341463414633,5.0,0.001353132323344598
195,0.022388059701492536,30.353806235721688,0.4004781829049612,0.034617781566704225,0.0014195907388507539,0.638095238095238,5.0,0.002045893275919216
196,0.004477611940298508,0.20114942528735633,0.3659202621518296,0.008731171181728952,0.0004684493697740622,0.6666666666666666,5.0,0.0014010620822351811
197,0.008955223880597015,2.011942235886518,0.38329519450800914,0.020090580894679674,0.00068527979760325,0.6,5.0,0.0012751008006135732
198,0.06119402985074627,624.2582902564432,0.43031470777135516,0.06781529732753495,0.003748161478237283,0.2780487804878049,5.0,0.0014338175684753703
199,0.022388059701492536,23.538176906838203,0.3861671469740634,0.03929806063906241,0.001462986863087865,0.5904761904761905,6.0,0.0017702569607673053
200,0.023880597014925373,32.9407594312131,0.3493222106360792,0.024021461224950132,0.001520141855913642,0.2916666666666667,6.0,0.0016608152561451842
201,0.007462686567164179,1.677136750937715,0.38998835855646097,0.01765321034092497,0.0006200473765885359,0.8,5.0,0.0012829534945410577
202,0.005970149253731343,3.196851293238998,0.39021549213744905,0.01558761416813642,0.0005370271968996367,0.6666666666666666,5.0,0.0012649703664121099
203,0.007462686567164179,0.3220539674986308,0.3673245614035088,0.01695497431840229,0.0006083400312931773,0.7,5.0,0.0012618717604314445
204,0.03134328358208955,58.28905583787532,0.3740926856504746,0.03446448865326018,0.002029038033676321,0.3523809523809524,6.0,0.0015512460043858982
205,0.008955223880597015,0.805492621496816,0.3594420600858369,0.008025365532412995,0.0007387941520760856,0.8,4.0,0.0017226867125038927
206,0.007462686567164179,3.0492310201158435,0.40507859733978235,0.018635291270519425,0.0006548668906707098,0.8,5.0,0.0013124935400460754
207,0.007462686567164179,7.758942040953476,0.35676251331203407,0.011749802910175819,0.000653009572950962,0.4,6.0,0.0012483616561840148
208,0.0029850746268656717,0.0,0.3619665045921124,0.01061810400866945,0.00038403467913105814,1.0,6.0,0.0011105008632970644
209,0.004477611940298508,0.15340344251563992,0.37388392857142855,0.011914269847431335,0.00045958730564346075,0.6666666666666666,5.0,0.0013559804424319109
210,0.007462686567164179,126.42505855661459,0.3855005753739931,0.01434167913703303,0.0006482957177648018,0.5,5.0,0.0015727230656559985
211,0.1253731343283582,3249.196431574698,0.45516304347826086,0.10390003549465733,0.00804088107401023,0.13195639701663797,5.0,0.001244125840115171
212,0.06119402985074627,1395.9850120388228,0.44876088412592097,0.06928100313014057,0.0038772772786045025,0.2658536585365854,5.0,0.001363354940626777
213,0.019402985074626865,153.2011718930623,0.40312876052948254,0.027276205904121532,0.001358188612157608,0.3974358974358974,5.0,0.001472043694421698
214,0.007462686567164179,37.86342905695843,0.3181386514719848,0.0021903185033446226,0.0007630294141405279,0.5,4.0,0.0014505591417402273
215,0.007462686567164179,0.3167416616987088,0.37746478873239436,0.01770400058860611,0.0006135732329594647,0.8,5.0,0.0014845893689790582
216,0.016417910447761194,46.608051095753986,0.41003671970624234,0.026867973321784117,0.0011213894819048235,0.6,5.0,0.0014214077615325828
217,0.005970149253731343,0.058823529411764705,0.39434961742201297,0.01624914775327843,0.0005373694856844645,0.8333333333333334,5.0,0.0011267893992875624
218,0.014925373134328358,3.819560721156844,0.40978593272171254,0.030432149848560124,0.0010021411324543873,0.7555555555555555,5.0,0.0016752604898715836
219,0.05373134328358209,478.43811714036053,0.43905635648754915,0.06838792433634473,0.0032165882881699903,0.32222222222222224,5.0,0.0014838963204465597
220,0.004477611940298508,6.270102256410652,0.3757711721817162,0.009081609906140356,0.00048160425122789055,0.3333333333333333,5.0,0.0011748109364505097
221,0.011940298507462687,4.92658604159847,0.37057522123893805,0.015826588103816656,0.0008552554332454541,0.7142857142857143,5.0,0.0019651398047839117
222,0.005970149253731343,15.339597098255645,0.32196059586737147,0.001953042741323775,0.0006603529701326911,0.5,4.0,0.0013256658680947289
223,0.03731343283582089,4116.709998083921,0.40556900726392253,0.009193041018170473,0.0031386924873279746,0.24333333333333335,3.0,0.0014646480688255518
224,0.0029850746268656717,0.0,0.2515959444235824,0.00016492688604189095,0.0004505054307682711,1.0,5.0,0.0014686533606310373
225,0.010447761194029851,10.548155269764635,0.35752401280683027,0.016022304849663358,0.0008014745482919254,0.38095238095238093,6.0,0.0018091792186059785
226,0.005970149253731343,0.0,0.36853685368536854,0.01127095103757788,0.0005398364439123003,1.0,5.0,0.0013082825370162353
227,0.005970149253731343,12.269681863576515,0.3530031612223393,0.009201782647557012,0.0005685455468592364,0.5,6.0,0.001914691026349161
228,0.005970149253731343,0.0,0.39158386908240794,0.01781389995299268,0.0005396538596832594,1.0,5.0,0.0015628360204245659
229,0.004477611940298508,0.0,0.35695258391049545,0.011640725645925918,0.00046681232744233035,1.0,6.0,0.00115079723654544
230,0.0029850746268656717,0.0,0.337361530715005,0.005691938683928152,0.0003807827927336773,1.0,5.0,0.001180140316347584
231,0.09850746268656717,3240.798718232989,0.4734982332155477,0.0973508370881156,0.005982128999044123,0.20046620046620048,4.0,0.001376284530385902
232,0.005970149253731343,2.0477087727087726,0.3103288559518295,0.0019303988207976018,0.0006514123906853615,0.6666666666666666,4.0,0.0012272363851794665
233,0.013432835820895522,21.89901904651919,0.3824200913242009,0.02533088018524957,0.0009485024734908053,0.5555555555555556,5.0,0.0023021845899152786
234,0.011940298507462687,186.5133234866299,0.3877314814814815,0.021411462121854703,0.0009387717157185576,0.5357142857142857,5.0,0.0014791721432539894
235,0.034328358208955224,138.3679045181414,0.43170103092783507,0.05686372462464034,0.002048029452477013,0.47035573122529645,5.0,0.001709617482556645
236,0.004477611940298508,0.0,0.39158386908240794,0.013462380980753376,0.0004656238338458499,1.0,5.0,0.0012021415821238076
237,0.011940298507462687,3.1574641476525613,0.3592493297587131,0.016359190902207874,0.0008765812479221838,0.5714285714285714,6.0,0.001337835104103186
238,0.026865671641791045,115.65025982741737,0.43563068920676207,0.045874902027616,0.0016731491568731866,0.49673202614379086,4.0,0.0017163923896215878
239,0.023880597014925373,173.52182075454957,0.41563275434243174,0.03398985503586768,0.0016019651253431184,0.31666666666666665,5.0,0.0016056041603786462
240,0.007462686567164179,3.003743039282049,0.3111936832326985,0.000961602813984522,0.0007766650995767445,0.5,4.0,0.0015556875805618595
241,0.034328358208955224,785.1943507154081,0.4251269035532995,0.045446521184369086,0.0021586938493515302,0.43478260869565216,5.0,0.0015843237277227398
242,0.034328358208955224,263.911946616935,0.43309631544925664,0.045552559587090855,0.002182650531377501,0.33201581027667987,5.0,0.0013634900901770524
243,0.007462686567164179,1.0593000516190803,0.3625541125541126,0.015234695719530594,0.0006376524713579687,0.9,6.0,0.001305018583293522
244,0.013432835820895522,2.0823166710774155,0.3985722784057109,0.027615676057504732,0.0009218070431564509,0.75,5.0,0.0026172330298871067
245,0.004477611940298508,0.0,0.3448275862068966,0.006200310757492135,0.00046119290842555627,1.0,5.0,0.001303312495225325
246,0.034328358208955224,566.0310866075116,0.43733681462140994,0.04690289208053324,0.0021772328544137506,0.39920948616600793,4.0,0.0016094848366214058
247,0.013432835820895522,12.585850950649858,0.40191961607678467,0.02377724794401192,0.0009445930138214463,0.5833333333333334,5.0,0.0019845152692830855
248,0.0029850746268656717,0.0,0.2408339324227175,4.0328878627068804e-05,0.0005449605086305791,1.0,5.0,0.002228748150963998
249,0.014925373134328358,42.6274850631422,0.37325905292479106,0.022758082094962308,0.0011225362041435503,0.4222222222222222,6.0,0.0015074817895380098
250,0.010447761194029851,4.505645622748988,0.36157582298974633,0.01506642126019529,0.0008277726841914985,0.5714285714285714,6.0,0.0020885229365030272
251,0.004477611940298508,0.0,0.29424681598594643,0.0006855127539755663,0.0005361323158836594,1.0,5.0,0.0017114086183944162
252,0.014925373134328358,57.39986103964406,0.4243191893603547,0.030546113398429456,0.0010395808748109973,0.5555555555555556,5.0,0.0012717011739721037
253,0.026865671641791045,415.2666512832487,0.380249716231555,0.01249986947450978,0.0019839209348489987,0.35947712418300654,4.0,0.0013998920096933165
254,0.014925373134328358,5.2051698715486605,0.3743016759776536,0.027129508274405727,0.001005895512307733,0.6,6.0,0.0017164567380498637
255,0.005970149253731343,8.211965187211659,0.30649588289112534,0.0008451300546809314,0.0007279556792351388,0.0,4.0,0.0010917748041431876
256,0.014925373134328358,19.04371253367995,0.3600214938205266,0.01657417719175828,0.0010431309312483403,0.35555555555555557,5.0,0.0017673958616884944
257,0.004477611940298508,0.0,0.34607438016528924,0.009013448156780316,0.0004521614177637693,1.0,5.0,0.0012427535377743288
258,0.005970149253731343,0.125,0.3491401771756123,0.008585584791155594,0.000545146021018808,0.8333333333333334,5.0,0.0014166252745301867
259,0.005970149253731343,5.634406230236665,0.3808982376350199,0.013185792814553577,0.000546959433702798,0.6666666666666666,5.0,0.0012547299828880628
260,0.007462686567164179,5.307820338592234,0.379173740803622,0.011046954217910394,0.0006385771727853312,0.3,5.0,0.001273286046195269
261,0.05522388059701493,894.7076485438201,0.43534762833008445,0.06410474378199879,0.0035262130334450777,0.27927927927927926,5.0,0.0013703676594723415
262,0.013432835820895522,11.640497554098024,0.40119760479041916,0.027512850291461086,0.0009368525002888662,0.6388888888888888,5.0,0.0017378395371508057
263,0.004477611940298508,1.2086434208208972,0.3458957150232318,0.006020511380702145,0.00046128529003298436,0.3333333333333333,5.0,0.0012364780748322854
264,0.019402985074626865,123.06271326159253,0.38483630097645033,0.026474687182191384,0.0012926755333433706,0.44871794871794873,5.0,0.0019781602589349716
265,0.005970149253731343,17.163042842306794,0.3066361556064073,0.0006628181299447937,0.0007487814921364523,0.3333333333333333,4.0,0.0013661257966368526
266,0.005970149253731343,0.24132871862195168,0.3554376657824934,0.014304957919027245,0.0005294055637156685,0.6666666666666666,6.0,0.001294445696588135
267,0.026865671641791045,62.089010989818405,0.38003403289846854,0.03555907212974696,0.001760537736024867,0.45751633986928103,6.0,0.0015141037132809087
268,0.005970149253731343,10.267545880277128,0.35449735449735453,0.005453805789572012,0.0005754587163474772,0.8333333333333334,4.0,0.0018844803688454178
269,0.019402985074626865,24.360196231009166,0.3740926856504746,0.026105088019692014,0.0013029146500331185,0.47435897435897434,6.0,0.0020057854399381254
270,0.005970149253731343,0.46480158730158727,0.3432377049180328,0.007990077147896008,0.000546641096750005,0.6666666666666666,5.0,0.0013793639510358289
271,0.005970149253731343,0.13257575757575757,0.3437660338635198,0.008605841150807078,0.0005513976177973854,0.8333333333333334,6.0,0.001394921421188282
272,0.008955223880597015,1.635096450141748,0.351890756302521,0.011773646985009694,0.0007393018833364237,0.6,6.0,0.0014279536105527722
273,0.004477611940298508,0.0,0.3759820426487093,0.011071809408203936,0.0004646188700259353,1.0,5.0,0.0013374686610518847
274,0.023880597014925373,42.987274823201574,0.38818076477404406,0.038026620866303935,0.001547151847220368,0.525,6.0,0.001726250449079653
275,0.004477611940298508,0.0,0.34553893759669935,0.009417419113374115,0.00047490796699526815,1.0,6.0,0.001076898190252657
276,0.008955223880597015,6.89738815178447,0.37057522123893805,0.01671279352771846,0.0007418263097040864,0.6666666666666666,6.0,0.0017650917218843818
277,0.007462686567164179,1.0196332504115233,0.35281727224855186,0.012330584721818163,0.0006098618705932984,0.6,5.0,0.001359372291312237
278,0.010447761194029851,134.90549098737213,0.28804815133276007,0.0004045518095294932,0.0014846253389422118,0.14285714285714285,5.0,0.0017005381537861745
279,0.004477611940298508,0.11923076923076924,0.3074804956402019,0.0025083922381860385,0.0004761804694095223,0.6666666666666666,5.0,0.0015999023197194296
280,0.011940298507462687,5.687835972137389,0.4060606060606061,0.0266531468341143,0.0008404398798901676,0.8214285714285714,5.0,0.0018300713095832394
281,0.008955223880597015,0.8112618233976516,0.340793489318413,0.012228789776897463,0.0006924012470179208,0.7333333333333333,6.0,0.001652704213750378
282,0.03283582089552239,80.45431250964194,0.4,0.04757274235121842,0.001988206456642824,0.41125541125541126,5.0,0.0016144553306011225
283,0.019402985074626865,1153.2129856552172,0.37746478873239436,0.007528378559855236,0.0017984978255765917,0.16666666666666666,4.0,0.0012715186828955352
284,0.041791044776119404,606.1257063164462,0.418227215980025,0.04581346832975423,0.002671698578579802,0.3306878306878307,4.0,0.0015235689898327
285,0.004477611940298508,0.575914033505497,0.3722222222222222,0.010509710484500117,0.0004711557270901586,0.6666666666666666,5.0,0.0015726743242671444
286,0.016417910447761194,9.705522821943408,0.38154897494305234,0.030274424869643997,0.0011240332340783702,0.6181818181818182,6.0,0.0017932177586466934
287,0.010447761194029851,30.52831410805235,0.31440638198029097,0.0015487347075346263,0.0010429697474996702,0.3333333333333333,4.0,0.001291296389632855
288,0.0029850746268656717,0.0,0.33600802407221664,0.006404942576695522,0.00038325445241410447,1.0,6.0,0.001103829497361577
289,0.005970149253731343,2.5584186675949057,0.3911266783420899,0.013907467604104478,0.0005492323448506501,0.6666666666666666,5.0,0.0012804164147819184
290,0.011940298507462687,28.14339580620252,0.39067055393586003,0.022156180274286293,0.000897610979228194,0.5357142857142857,5.0,0.0013415363191080765
291,0.025373134328358207,99.57182919142187,0.4090354090354091,0.03574125639575263,0.0016544322659582421,0.39705882352941174,5.0,0.0014803691702990828
292,0.014925373134328358,15.711807704792589,0.391812865497076,0.024853560562322023,0.00101040542477017,0.4888888888888889,5.0,0.0022844967613400652
293,0.14925373134328357,4037.812128242228,0.4848046309696093,0.1539308752947005,0.008853505541446132,0.15494949494949495,5.0,0.0013123432655919127
294,0.025373134328358207,342.70787317425453,0.41563275434243174,0.037735302303253365,0.0016845004973067245,0.5220588235294118,5.0,0.0014488389913183024
295,0.0029850746268656717,0.0,0.3211888782358581,0.0047841724447221885,0.000388526212218598,1.0,6.0,0.0010930425052296977
296,0.014925373134328358,18.793644057507812,0.3768278965129359,0.02515816589907621,0.0010700399158564524,0.5777777777777777,6.0,0.001859223716399849
297,0.007462686567164179,0.6787878787878789,0.3353353353353353,0.008818731230400154,0.0006518935527145873,0.6,6.0,0.0013770168461372636
298,0.03582089552238806,155.31916376458233,0.43421905379131565,0.05803240251514563,0.0021701002486712914,0.427536231884058,5.0,0.0017898792347991594
299,0.004477611940298508,0.35657752122627095,0.37640449438202245,0.010846406275083454,0.0004645848721235473,0.6666666666666666,5.0,0.0012415293921401239
300,0.005970149253731343,0.0,0.388631090487239,0.015195466243441053,0.0005366581601412645,1.0,5.0,0.001187471394619525
301,0.004477611940298508,2.2401224857420523,0.30719853278312703,0.000770026340701008,0.0005534557940764832,0.3333333333333333,4.0,0.0011501912366384294
302,0.014925373134328358,10.443270815784752,0.37242912729294053,0.022228822145643527,0.0010700848782016492,0.4888888888888889,6.0,0.0014266578507235513
303,0.013432835820895522,128.05970015640324,0.4072948328267477,0.020681237310489712,0.0010783053313934813,0.4166666666666667,5.0,0.0015425364930144183
304,0.004477611940298508,1.1539210150057495,0.34643226473629785,0.00468410577062503,0.0004689595185038347,0.0,5.0,0.0012032714982895005
305,0.11044776119402985,5607.592303473745,0.47017543859649125,0.09851156523722301,0.006694149651044682,0.19770455386893743,4.0,0.0013613969376331807
306,0.013432835820895522,3.026153991049351,0.3606027987082885,0.02167989232161496,0.000926394288642747,0.5833333333333334,6.0,0.0018690656478779907
307,0.007462686567164179,9.3731972004973,0.32492725509214354,0.002653681356692892,0.0007329029976857433,0.5,4.0,0.0017343073316388206
308,0.016417910447761194,5.886804852213716,0.3734671125975474,0.025939987561440184,0.0010678952646180555,0.5818181818181818,5.0,0.0014328966835708504
309,0.0029850746268656717,2.219926973275504,0.3444730077120823,0.005577014431016739,0.00039064361179676145,0.0,6.0,0.0011000597945228922
310,0.17164179104477612,23331.93453545737,0.5321683876092137,0.1467619086462477,0.010685759286144316,0.11792524790236461,4.0,0.0012988157771472784
311,0.028358208955223882,136.68400135200284,0.41383570105003087,0.03910234239841815,0.0017215466569682318,0.5321637426900585,4.0,0.0019654130272258735
312,0.03582089552238806,56.953499677247365,0.43309631544925664,0.06299415052420215,0.0020955598538778416,0.5253623188405797,5.0,0.0014392810201657687
313,0.008955223880597015,5.120692972131591,0.36138079827400216,0.013114298483541485,0.0007581881659957773,0.6,6.0,0.0014693222397061418
314,0.014925373134328358,7.348116132465678,0.39227166276346603,0.03042544928410419,0.0010071439996694738,0.6444444444444445,5.0,0.0016887375500557814
315,0.008955223880597015,4.82871617689059,0.35318924617817604,0.01216440900269384,0.0007293810226246211,0.4666666666666667,6.0,0.0013870471098514727
316,0.0014925373134328358,0.0,0.2034618888551473,4.1830935938521395e-06,0.0004277300441446715,0.0,6.0,0.017592877465899232
317,0.020895522388059702,407.1092682288378,0.3647250952640174,0.00758099934915833,0.0017523223381040942,0.2857142857142857,4.0,0.0015070653748407192
318,0.005970149253731343,2.5657813083865806,0.28534923339011925,0.00043497419642120143,0.0006888745489590328,0.6666666666666666,5.0,0.0013377125946653072
319,0.008955223880597015,5.674777570979692,0.36914600550964183,0.017169325950700778,0.0007136970835135416,0.4666666666666667,6.0,0.0012875577597494237
320,0.020895522388059702,210.82469489275474,0.3866128101557992,0.020503296039143942,0.0013826455026952462,0.4175824175824176,4.0,0.001756634826585509
321,0.011940298507462687,11.353060786992252,0.351890756302521,0.014272605693760584,0.0008929242983679672,0.39285714285714285,5.0,0.0013463637945702134
322,0.0029850746268656717,0.10884520884520882,0.3361766181635725,0.006481080153359144,0.00037608656527230724,0.0,6.0,0.0011200823600524372
323,0.010447761194029851,15.964706407297331,0.36373507057546145,0.015070717926653992,0.0008347305431959438,0.42857142857142855,6.0,0.0012775843111275814
324,0.0029850746268656717,0.0,0.3722222222222222,0.008525172575512857,0.0003904037815131856,1.0,5.0,0.001111002070612264
325,0.004477611940298508,1.5713437796372147,0.3290766208251473,0.004910252887899697,0.00048011864877984633,0.3333333333333333,5.0,0.0012559596688143373
326,0.005970149253731343,0.6503648449933279,0.3596349973161567,0.012190068406269773,0.0005458985055365967,0.6666666666666666,6.0,0.0011691672657707858
327,0.01791044776119403,13.365602376029088,0.41053921568627455,0.03708420847247837,0.0011508082643795971,0.6212121212121212,5.0,0.001611811106578089
328,0.0029850746268656717,0.0,0.30510018214936246,0.0013620250743315158,0.0004890981137918175,1.0,4.0,0.0014247305899366062
329,0.016417910447761194,31.610849304787184,0.4041013268998794,0.02816854579467677,0.0010960316065800303,0.6363636363636364,5.0,0.001635712672633758
330,0.004477611940298508,0.0,0.3520756699947451,0.010402807425297918,0.0004677027577385007,1.0,6.0,0.0011448176395945104
331,0.007462686567164179,3.9996312735247885,0.3482328482328482,0.00973023235343969,0.0006121615437978665,0.5,5.0,0.0013676953178530739
332,0.008955223880597015,7.502143836741165,0.3617710583153348,0.014142041078132068,0.0007381329364351547,0.5333333333333333,6.0,0.0017069829790242988
333,0.005970149253731343,0.07142857142857142,0.33466533466533466,0.00735678097290023,0.0005584257774764187,0.8333333333333334,6.0,0.001287910967092309
334,0.004477611940298508,0.8888799011716589,0.3629469122426869,0.010046393042084966,0.0004591372440043146,0.3333333333333333,5.0,0.0011401428216512614
335,0.004477611940298508,0.22849105551311433,0.33992897006595635,0.007404251145977093,0.0004577841310984376,0.6666666666666666,5.0,0.0014810182048190883
336,0.0029850746268656717,4.806714689152523,0.3437660338635198,0.0026258461224515097,0.0003964655275629558,0.0,4.0,0.0012384310702441212
337,0.007462686567164179,16.201360163884857,0.310760667903525,0.0008654737120803618,0.0008682341333623263,0.5,4.0,0.0012548196407538717
338,0.011940298507462687,19.92651257226874,0.37037037037037035,0.0178466923020651,0.000942961292733051,0.5714285714285714,6.0,0.001571559946998469
339,0.005970149253731343,0.3251925770308123,0.35676251331203407,0.012308301093838141,0.0005433752392858456,0.8333333333333334,6.0,0.001291527293024879
340,0.0029850746268656717,0.0,0.3707802988378528,0.009480022565026976,0.0003830811921919944,1.0,5.0,0.0011226927960399642
341,0.020895522388059702,71.28030587675876,0.39762611275964393,0.02821387718039442,0.0014048714971412364,0.6263736263736264,4.0,0.0015813400410897556
342,0.007462686567164179,10.023461427219873,0.3500522466039708,0.005620940998610077,0.0006860900563949117,0.5,5.0,0.0015836691807523055
343,0.022388059701492536,387.68711146402524,0.3826384922901199,0.010987505772900816,0.001719582579561815,0.2857142857142857,4.0,0.0015081918048286947
344,0.028358208955223882,160.40310432476363,0.42006269592476486,0.040511682423536796,0.0017781074115075916,0.39766081871345027,5.0,0.00154159427773464
345,0.041791044776119404,276.1477335285634,0.44253632760898287,0.0590361941651254,0.0025327638637725547,0.2962962962962963,5.0,0.0015321586176823211
346,0.0029850746268656717,0.0,0.33483258370814595,0.005641579529163423,0.00038961859413347744,1.0,6.0,0.0011445958451812579
347,0.005970149253731343,3.4820492703659145,0.35337552742616035,0.01090028054673276,0.0005468437962749619,0.6666666666666666,5.0,0.0014467142697497804
348,0.005970149253731343,6.196295466678043,0.34218590398365684,0.007797420558970554,0.0005474634338474519,0.16666666666666666,6.0,0.001309064177494974
349,0.023880597014925373,59.494943593973595,0.42921204356181936,0.04592952411160953,0.0015132045083920806,0.55,5.0,0.0016558338859386115
350,0.005970149253731343,0.4528364537581578,0.37325905292479106,0.012091608344550463,0.000543678912660844,0.6666666666666666,5.0,0.0013925032769540391
351,0.007462686567164179,8.620604029867721,0.34411915767847967,0.009904540344660097,0.0006750451982997887,0.6,6.0,0.0012326176634253631
352,0.07761194029850746,1235.759392307064,0.4442970822281167,0.09370877233868233,0.004674322619343713,0.2631975867269985,5.0,0.0012668950600502494
353,0.005970149253731343,14.14646735789485,0.30004478280340346,0.00047883636064221684,0.0007170885202929774,0.5,4.0,0.0016591732217966742
354,0.034328358208955224,116.44403946715944,0.41875,0.051670353492619225,0.0020905478328027043,0.39920948616600793,5.0,0.0014308322652528246
355,0.005970149253731343,0.07378129117259552,0.3594420600858369,0.013636783510024458,0.0005417445439931929,0.8333333333333334,6.0,0.0012350005861168241
356,0.004477611940298508,0.0,0.3056569343065693,0.0006024589484031997,0.0005602029179345311,1.0,4.0,0.0012676844159420777
357,0.08358208955223881,2042.7198666266918,0.4576502732240437,0.08684120165418063,0.005164978018814589,0.23246753246753246,4.0,0.0014052463776914887
358,0.008955223880597015,18.228661766079387,0.3695532266960838,0.012959510069356152,0.0007255574288629811,0.3333333333333333,5.0,0.0015625463272685742
359,0.005970149253731343,0.0,0.3500522466039708,0.010969150870096223,0.000529920405528506,1.0,5.0,0.0012558731144773883
360,0.019402985074626865,162.747169977144,0.32619279454722494,0.00436075356947029,0.0016506066560012843,0.2564102564102564,4.0,0.0017477543407284967
361,0.013432835820895522,11.8894028402949,0.3920421299005266,0.027007230811236092,0.0009508615016507932,0.5555555555555556,5.0,0.0013858564351750288
362,0.04477611940298507,476.24339983875785,0.4387688277668631,0.05808097563389639,0.0027452557459292574,0.42758620689655175,4.0,0.0015269754693338434
363,0.005970149253731343,0.4918613267509703,0.35676251331203407,0.010957743334358788,0.0005541727339863053,0.8333333333333334,6.0,0.0011321124926822709
364,0.007462686567164179,0.03460992907801418,0.36813186813186816,0.018458951771428443,0.0006300499314303731,0.9,6.0,0.0012088015887836822
365,0.008955223880597015,4.924741129884434,0.39574719432959243,0.018791301205744015,0.0007112681722254004,0.8,5.0,0.0014124898755110537
366,0.04477611940298507,220.57400304519635,0.43934426229508194,0.06710825320410861,0.0025880532871006556,0.3701149425287356,5.0,0.0015123082724257406
367,0.004477611940298508,1.5039882366927528,0.340620233858668,0.0057140459109667665,0.00046936340779055684,0.3333333333333333,5.0,0.001230404350084736
368,0.007462686567164179,677.191535386661,0.2553353658536585,0.00016857353324337384,0.0012008338604506381,0.0,5.0,0.00446560545312398
369,0.016417910447761194,25.236712215207223,0.41692594897324203,0.03088618069913164,0.0010952750217857491,0.6,5.0,0.0012457609499730658
370,0.011940298507462687,42.86854238409826,0.37640449438202245,0.023364615020251056,0.0009418745297351224,0.6428571428571429,6.0,0.001382630398668484
371,0.004477611940298508,0.0,0.3649237472766884,0.009566358512515713,0.0004584575082499821,1.0,5.0,0.001363716633140806
372,0.04626865671641791,449.5378546286121,0.40434520217260106,0.041380276071468866,0.002939810974246995,0.36989247311827955,4.0,0.001468153093875421
373,0.007462686567164179,0.0,0.39089848308051345,0.020112225598712473,0.0006117276569216443,1.0,5.0,0.0012666193347795666
374,0.0029850746268656717,6.623345196866099,0.2697262479871176,0.00012163448168402315,0.0005754753610506711,0.0,5.0,0.0014888267409140811
375,0.008955223880597015,0.9654440421977996,0.35752401280683027,0.015403501578493035,0.0006865839042435565,0.7333333333333333,5.0,0.001524347348847985
376,0.005970149253731343,0.0,0.4041013268998794,0.01830898291668622,0.0005386650246106713,1.0,5.0,0.0011561639639762731
377,0.01791044776119403,86.97296494514934,0.40978593272171254,0.03243714086692355,0.0012300174882297389,0.5757575757575758,5.0,0.0014078450515085706
378,0.004477611940298508,0.0,0.3600214938205266,0.011197966519523058,0.0004681111771930004,1.0,6.0,0.0012778179524534196
379,0.2,11513.010714733507,0.5041384499623777,0.1799469779925202,0.012060755599706603,0.1128941757378521,5.0,0.001320993419002277
380,0.011940298507462687,9.823547022980746,0.4161490683229814,0.027831134536918344,0.0008483363629225093,0.8214285714285714,5.0,0.001785274947195218
381,0.041791044776119404,174.6999376429133,0.3837342497136312,0.046455221301372966,0.002610533143058414,0.31746031746031744,6.0,0.001510069873996867
382,0.016417910447761194,61.13414567615049,0.3289150711831124,0.004008924678243032,0.0014076317878451434,0.38181818181818183,4.0,0.0013367092925952347
383,0.08059701492537313,1368.6430457411152,0.4451827242524917,0.09401184635658605,0.004914625262560735,0.2501747030048917,5.0,0.0013248916443829542
384,0.025373134328358207,848.2410368132994,0.3142589118198874,0.0011441269109923775,0.002833537461048525,0.15441176470588236,4.0,0.0014415945733248752
385,0.008955223880597015,0.07692307692307693,0.40434520217260106,0.022888781644995138,0.0006932207976379146,0.9333333333333333,5.0,0.0014945270176951104
386,0.029850746268656716,192.2469784372351,0.4211187932118165,0.044070614204334085,0.0018755250699200726,0.4789473684210526,5.0,0.0016599468387541603
387,0.15074626865671642,7589.3986794265,0.5026256564141035,0.15974180996043325,0.008858771201057367,0.16257425742574258,4.0,0.00132037133849131
388,0.010447761194029851,103.66437070480359,0.31206334420121096,0.001042146919847551,0.001081030050588927,0.42857142857142855,4.0,0.0018348225716217977
389,0.020895522388059702,1004.8431005442275,0.40288634996993383,0.01568430372458784,0.0016180765718471228,0.3076923076923077,4.0,0.0016575977418340406
390,0.01791044776119403,88.67857737197085,0.33037475345167655,0.006370892491960937,0.001409318995712018,0.36363636363636365,4.0,0.0018463272057452412
391,0.0029850746268656717,0.0,0.38198403648802737,0.011079943779671923,0.00038215545009616804,1.0,5.0,0.0011344212895515063
392,0.008955223880597015,0.0,0.41332510795805055,0.02526396436741088,0.0006895375828360345,1.0,5.0,0.0014388147404520559
393,0.019402985074626865,30.535469929787737,0.38483630097645033,0.030922917959323865,0.0012870724553600155,0.46153846153846156,6.0,0.001677813422740742
394,0.0029850746268656717,0.0,0.3358395989974937,0.004033229252826252,0.00038162050317909024,1.0,5.0,0.0012614392025861356
395,0.05373134328358209,5577.7778657608205,0.41770573566084784,0.013665841391681475,0.004343169192611361,0.2111111111111111,4.0,0.0013125340444833894
396,0.013432835820895522,4.605984123492514,0.3707802988378528,0.024021507884739057,0.0009406853109156992,0.6666666666666666,6.0,0.0017598144488600034
397,0.010447761194029851,10.007132632849935,0.389308541545613,0.019277733242216096,0.0008260663968146258,0.6666666666666666,5.0,0.0017709901652264695
398,0.0029850746268656717,0.0,0.3059360730593607,0.0006333907916786248,0.0004437431074837821,1.0,4.0,0.0011115084922061404
399,0.007462686567164179,47.32401090532889,0.29193899782135074,0.0005705551092286802,0.000914997560850313,0.5,5.0,0.0012729180520190332
400,0.005970149253731343,0.349182732016502,0.380465644520159,0.012602024157821577,0.0005446789138501086,0.8333333333333334,5.0,0.001302494874355079
401,0.026865671641791045,47.1060191191941,0.37789058093626626,0.029990695635365917,0.0018383219076938922,0.40522875816993464,6.0,0.001553234026580945
402,0.005970149253731343,58.03119540518725,0.38505747126436785,0.007699238624704593,0.0006105476346341438,0.16666666666666666,4.0,0.0012390288008553908
403,0.010447761194029851,1.3481407726689494,0.3955135773317592,0.022405277994253497,0.0007784971719105278,0.7619047619047619,5.0,0.001568743464434433
404,0.04029850746268657,175.3632862156923,0.44021024967148487,0.06699292573699875,0.002372812784635926,0.42735042735042733,5.0,0.0016463593044905404
405,0.010447761194029851,8.766658413911692,0.3673245614035088,0.018538599820206912,0.0007911616495144805,0.6190476190476191,6.0,0.001293910670273873
406,0.049253731343283584,427.8625435944891,0.444591904445919,0.07448285910777788,0.0028473352192443756,0.38825757575757575,5.0,0.001701085695092998
407,0.04626865671641791,583.3545758379271,0.4085365853658537,0.04297091169263339,0.0028891657561376373,0.36989247311827955,4.0,0.0015226550336565473
408,0.013432835820895522,165.7283596628016,0.3098982423681776,0.001251354144167539,0.001235944303160595,0.2777777777777778,4.0,0.001983583941334452
409,0.0029850746268656717,12.23445700590757,0.34841393655746233,0.0059151585354137665,0.0004394336262637397,0.0,6.0,0.0010451230579943017
410,0.010447761194029851,39.93839206025064,0.380249716231555,0.017649956656926893,0.0008631917104346933,0.47619047619047616,5.0,0.0013125460175322408
411,0.04328358208955224,484.4481656318425,0.4319793681495809,0.05132772599660604,0.0026972503306879115,0.27586206896551724,5.0,0.0015176771143771608
412,0.005970149253731343,8.187591400286838,0.310760667903525,0.0011371382733858975,0.0006633647335367218,0.3333333333333333,4.0,0.0014381978633856663
413,0.016417910447761194,9.072616325605106,0.410790925812385,0.033303639893871494,0.0010857546181649185,0.6545454545454545,5.0,0.001756045671814902
414,0.0029850746268656717,0.0,0.2738046587658357,0.00019607505378454679,0.000484696844932343,1.0,5.0,0.002291657750507284
415,0.028358208955223882,1133.0464192672528,0.38003403289846854,0.007735538615445435,0.002394633837391733,0.2046783625730994,4.0,0.001304296419679922
416,0.01791044776119403,38.75108554177725,0.4038577456298975,0.029851822147598833,0.0011643893068061738,0.5606060606060606,5.0,0.0020756367196379153
417,0.022388059701492536,8.535059678753962,0.4166666666666667,0.04310693306632244,0.001381478870099582,0.7428571428571429,5.0,0.001538110220946485
418,0.005970149253731343,0.9133141342661468,0.3556263269639066,0.011140659791949878,0.0005432383757489691,0.6666666666666666,5.0,0.0013394558121909892
419,0.016417910447761194,32.86688302207449,0.37037037037037035,0.01004194665327006,0.001232505460026514,0.5454545454545454,4.0,0.0019919331801341216
420,0.005970149253731343,7.318489804463019,0.28450106157112526,0.00039123361642799806,0.0007479184422597445,0.3333333333333333,5.0,0.001374764295858171
421,0.007462686567164179,9.246257320303231,0.38111490329920367,0.014634104631707154,0.0006250340611708107,0.4,5.0,0.0012974264133245714
422,0.029850746268656716,152.3400155824323,0.4322580645161291,0.05193859879426617,0.0018656851185818878,0.5,5.0,0.0017841374498695328
423,0.004477611940298508,0.4118994981222005,0.3713968957871397,0.01093876462614343,0.00047000238435886805,0.6666666666666666,5.0,0.0012928219690904175
424,0.005970149253731343,0.0,0.37242912729294053,0.013375344191172688,0.0005396661939997846,1.0,5.0,0.0012957188717738232
425,0.026865671641791045,19.391926347028612,0.37746478873239436,0.036360800467776164,0.0016924027404275396,0.6013071895424836,6.0,0.001858075939153965
426,0.0626865671641791,822.6965225250898,0.43619791666666663,0.08192043842539476,0.0036728267095923047,0.25435540069686413,5.0,0.0014566558297910758
427,0.011940298507462687,5.637974555749725,0.36314363143631434,0.017498092370108128,0.0009042037113397165,0.6785714285714286,6.0,0.00147585505871635
428,0.004477611940298508,0.845779136388526,0.34271099744245526,0.006624997028523838,0.00046201446015611597,0.3333333333333333,5.0,0.0012128335852559275
429,0.03880597014925373,124.93510262247585,0.43031470777135516,0.061404995105398374,0.002314735606121617,0.42153846153846153,5.0,0.0015222308779863384
430,0.014925373134328358,6.5591712798215145,0.3863898500576701,0.03050769066859187,0.0009896340870074038,0.6666666666666666,5.0,0.0017816336296641816
431,0.007462686567164179,1.4759533180238091,0.3641304347826087,0.01490743066199132,0.00062975156731705,0.7,6.0,0.0011349011642782362
432,0.014925373134328358,17.97362076219812,0.36934950385887544,0.02233477634172526,0.0010670390082215431,0.5555555555555556,6.0,0.0013784916805775346
433,0.04477611940298507,1029.3765136558873,0.4102878138395591,0.03235411435479573,0.003030526728066015,0.32413793103448274,4.0,0.0015022021292192057
434,0.005970149253731343,1.60883802037548,0.3125,0.0027329887002390725,0.000592261989925478,0.6666666666666666,4.0,0.001463826075522132
435,0.011940298507462687,15.610120928646836,0.3647250952640174,0.016373932496863176,0.0008907440402640439,0.6785714285714286,5.0,0.0014433270913066002
436,0.011940298507462687,17.463298860593227,0.25074850299401197,0.00021166795201438615,0.0012358123779454585,0.10714285714285714,5.0,0.0016904470088626243
437,0.004477611940298508,2.524246201610824,0.3485952133194589,0.0075709245160195575,0.00048369342416637107,0.3333333333333333,6.0,0.001245195691651844
438,0.03731343283582089,126.93403917708584,0.43031470777135516,0.06016572661800224,0.002273939501609902,0.4066666666666667,5.0,0.0015043197434568946
439,0.008955223880597015,58.970674589050795,0.28730703259005147,0.0004167115862064571,0.001217851629414981,0.06666666666666667,5.0,0.0013537464413943847
440,0.013432835820895522,5.010992680697317,0.40288634996993383,0.03149074646820065,0.0009174493260262505,0.7777777777777778,5.0,0.0027418438178809265
441,0.019402985074626865,21.758730163039097,0.4063068526379624,0.035547302366324966,0.0012690859698722163,0.6410256410256411,5.0,0.0016139168911393378
442,0.005970149253731343,7.9276690876952705,0.3507853403141361,0.009008045397278324,0.0005787963686274636,0.6666666666666666,6.0,0.001305513015999387
443,0.005970149253731343,0.0,0.368942731277533,0.01084283344723862,0.0005423618874358228,1.0,5.0,0.0016971883737927338
444,0.0029850746268656717,0.0,0.3457172342621259,0.007493214014083104,0.0003864957428970394,1.0,6.0,0.001116163606521678
445,0.004477611940298508,0.14663427784518065,0.35115303983228513,0.009978275687754216,0.00046674254764856704,0.6666666666666666,6.0,0.001337316830774201
446,0.028358208955223882,307.62798920028797,0.3142589118198874,0.0014776243674252125,0.002627148770422767,0.30409356725146197,4.0,0.0014284454322329254
447,0.0029850746268656717,0.5018903971845149,0.3127917833800187,0.0033779299132600115,0.0004014816507475579,0.0,6.0,0.0010970295739857064
448,0.0029850746268656717,3.3300310651327654,0.2815126050420168,0.00030409166012890205,0.0005090112461563955,0.0,5.0,0.0011878156406352708
449,0.010447761194029851,1.7100389056548195,0.36138079827400216,0.015025347267753264,0.0008062191041594408,0.7619047619047619,6.0,0.0015623671640230174
450,0.005970149253731343,0.3300324339986805,0.3941176470588235,0.01663066518855412,0.0005406390171920366,0.8333333333333334,5.0,0.0012836839690546313
451,0.16716417910447762,6944.624098639206,0.49592894152479644,0.16748117397981063,0.010033110560798898,0.14205276705276706,5.0,0.0013537912714059839
452,0.008955223880597015,9.862986102616542,0.4092852779474649,0.017962339584584017,0.0007057825086601095,0.6,5.0,0.0013288835958767333
453,0.004477611940298508,0.16666666666666666,0.33201189296333,0.0054973117739888855,0.0004934034180623914,0.6666666666666666,6.0,0.001366961832111603
454,0.0029850746268656717,0.0,0.32730825598436736,0.004199260347679229,0.0003823406561599864,1.0,5.0,0.0011824636527494878
455,0.005970149253731343,1.7547653384713167,0.33449825262106836,0.007407853022403221,0.0005550616550093179,0.5,6.0,0.0014324681561965556
456,0.03134328358208955,340.97743324610525,0.43421905379131565,0.05222824254490982,0.002044314026787199,0.44285714285714284,5.0,0.0015033452132404755
457,0.005970149253731343,1.2523364162347859,0.3377016129032258,0.007492173808648814,0.000549387922770627,0.16666666666666666,5.0,0.001192992272491801
458,0.0029850746268656717,0.0,0.3086135421464763,0.0015554748765887227,0.0004273978447540173,1.0,4.0,0.0011284358610014254
459,0.026865671641791045,325.75808106886524,0.45117845117845123,0.054897603198245604,0.0017182885765133042,0.5490196078431373,4.0,0.0018621781742271496
460,0.09104477611940298,2391.2610601344873,0.45953360768175583,0.09048398518450476,0.0058400248424680294,0.16721311475409836,5.0,0.0012160495229181952
461,0.005970149253731343,0.0,0.3983353151010702,0.01584101573055271,0.000537908276225104,1.0,5.0,0.0012978632680863153
462,0.05223880597014925,474.8479599687466,0.45454545454545453,0.07303709151586688,0.003198869005852326,0.2957983193277311,5.0,0.0014541263179706464
463,0.005970149253731343,29.508435605855635,0.29567519858781993,0.0004159653228836045,0.000701584323175286,0.5,4.0,0.0018438043309899998
464,0.007462686567164179,0.4129674380384653,0.3941176470588235,0.020054365199920494,0.0006199828772909055,0.8,5.0,0.0012108634037090288
465,0.028358208955223882,163.58687632100902,0.3995229576624925,0.03144371251541528,0.0019064329342394668,0.43859649122807015,4.0,0.0015282345192027308
466,0.01791044776119403,47.202366116711886,0.3934233705226071,0.02312275140675507,0.0012231702932080479,0.5909090909090909,4.0,0.0016575754166000087
467,0.11492537313432835,4189.44139367395,0.4530087897227857,0.10419113132466776,0.00765152842610124,0.15311004784688995,5.0,0.0012446677594224833
468,0.004477611940298508,1.6698878653379778,0.3846153846153846,0.01118002727568284,0.0004656536712397167,0.6666666666666666,5.0,0.0012185945352372824
469,0.008955223880597015,4.741502933662828,0.37160288408208536,0.016142164879917542,0.00069717595593656,0.4,5.0,0.0021048709925771208
470,0.014925373134328358,19.230203469844344,0.3973902728351127,0.0263039985562288,0.0010271423265347894,0.4888888888888889,5.0,0.001414077031007892
471,0.16716417910447762,9485.776975742503,0.5026256564141035,0.15192264522063517,0.010217058970429335,0.13819176319176318,4.0,0.0013009167859130452
472,0.007462686567164179,0.0,0.3701657458563536,0.017211269333183656,0.0006330336251726543,1.0,6.0,0.00128526349141742
473,0.004477611940298508,0.0,0.3720155469183787,0.01102840118481311,0.0004638605970767555,1.0,5.0,0.0012785343027102343
474,0.06119402985074627,485.05568801510424,0.391812865497076,0.0541670081420768,0.003974269027998875,0.2548780487804878,6.0,0.0013200068532151813
475,0.004477611940298508,0.6694791731307148,0.3388973191704603,0.006479921478011443,0.00045846262065197326,0.0,5.0,0.0011965339603158143
476,0.004477611940298508,0.0,0.36157582298974633,0.013295468657706543,0.0004642316501712752,1.0,6.0,0.0013095111281038018
477,0.008955223880597015,2.563841296610428,0.3699613473219216,0.01675555979662835,0.000741786156959954,0.6666666666666666,6.0,0.0013671399863397662
478,0.008955223880597015,7.445804234380722,0.3602150537634409,0.014391178768624271,0.0007425782674933746,0.6,6.0,0.0013111144608151783
479,0.029850746268656716,44.654361879310855,0.38998835855646097,0.04383397736426852,0.0018430944708240505,0.5,6.0,0.0017501924305502133
480,0.04626865671641791,280.338350713618,0.39227166276346603,0.049189696582903106,0.0029515297048977526,0.3032258064516129,6.0,0.0013541274358758162
481,0.011940298507462687,1.8490608007787126,0.394814378314673,0.019853547356787,0.0008578682161167859,0.7857142857142857,5.0,0.0012751210437916213
482,0.007462686567164179,0.5455449652875618,0.3667214012041598,0.014861669284064684,0.0006258789597611596,0.8,6.0,0.001290663971676234
483,0.005970149253731343,5.086930378253214,0.3116279069767442,0.001125240689922287,0.0006551207290172469,0.5,4.0,0.001413036771609918
484,0.0029850746268656717,0.0,0.3722222222222222,0.008525172575512857,0.0003904037815131856,1.0,5.0,0.001111002070612264
485,0.011940298507462687,2.4436723348158407,0.37640449438202245,0.024831633649638727,0.0008707389186947644,0.75,6.0,0.0014555784989890195
486,0.07164179104477612,10051.00225096852,0.3995229576624925,0.013608239669618794,0.00634178662643159,0.15691489361702127,4.0,0.0012837892183664731
487,0.008955223880597015,1.0134385079840442,0.3633405639913232,0.01723295657121656,0.0007098067353220084,0.6666666666666666,6.0,0.0012101796167967842
488,0.010447761194029851,112.53212151975745,0.3645266594124048,0.01236979276546032,0.0008525754020013119,0.47619047619047616,5.0,0.0015995251764266995
489,0.005970149253731343,9.620673458392018,0.30832949838932355,0.0011380916814031905,0.0006882251918813045,0.16666666666666666,4.0,0.001129484607761901
490,0.014925373134328358,12.453013763254997,0.3633405639913232,0.016082939826416478,0.0010478906180948866,0.5333333333333333,5.0,0.0014984482846187135
491,0.022388059701492536,605.095788327503,0.4058146577831617,0.020274653099692518,0.001538540673238709,0.3523809523809524,4.0,0.001933153892279306
492,0.01791044776119403,12.265353930654483,0.3945818610129564,0.027378031535812673,0.001196100404936133,0.7121212121212122,4.0,0.0016384510459531924
493,0.008955223880597015,5.183049857390764,0.37703995498030385,0.018720512633747206,0.000696918120070315,0.6666666666666666,5.0,0.0012436274342271499
494,0.0029850746268656717,0.0,0.3066361556064073,0.0006435419384559722,0.0004431043323610299,1.0,4.0,0.001126421350268244
495,0.029850746268656716,506.401481912648,0.32351521004345724,0.0030343207254001484,0.002637483281768923,0.29473684210526313,4.0,0.0015296323453808957
496,0.013432835820895522,7.3857207525841915,0.36393264530146663,0.013274949629256391,0.0009560968256551532,0.5833333333333334,5.0,0.002168771116049103
497,0.0029850746268656717,1.089859160447396,0.3113382899628253,0.0024058761743098902,0.0004070580638412712,0.0,6.0,0.001164386626495951
498,0.005970149253731343,0.6606485801146094,0.3305377405032067,0.005481856938446849,0.0005446853886562816,0.5,5.0,0.0014411024624133787
499,0.029850746268656716,95.68945141552275,0.40953545232273836,0.04073890458595409,0.0018685748739545882,0.41578947368421054,5.0,0.001649285843167902
500,0.026865671641791045,107.77555904522961,0.4128157732593962,0.042026596233167145,0.0017122010325922347,0.5751633986928104,5.0,0.0017613815839879249
501,0.025373134328358207,230.09692265767174,0.36853685368536854,0.011889491523831328,0.0018934852050438776,0.29411764705882354,4.0,0.001632553131771022
502,0.007462686567164179,40.10222400100704,0.3444730077120823,0.008258152287826951,0.0007876216773777636,0.2,6.0,0.001161433365033848
503,0.005970149253731343,0.0,0.35170603674540685,0.008825598554018804,0.0005411199600494267,1.0,5.0,0.0012436032338667869
504,0.022388059701492536,135.08234076701584,0.4166666666666667,0.03824243654407989,0.0015040767550417629,0.44761904761904764,5.0,0.001455927674170156
505,0.004477611940298508,0.0,0.30918320258421783,0.001691101934339891,0.0005362524161607223,1.0,4.0,0.0013190729819521725
506,0.007462686567164179,0.6294117647058823,0.31919961886612674,0.002129798155035396,0.0007496210926583076,0.9,4.0,0.0015166854121313345
507,0.004477611940298508,3.435601898471779,0.2847428814279643,0.00048519358875894424,0.000576370814405875,0.6666666666666666,5.0,0.0016777300446292962
508,0.17761194029850746,10743.6826081996,0.5052790346907994,0.1570167759512556,0.010792076003899967,0.1229169633955277,4.0,0.0013197379264507985
509,0.022388059701492536,29.870681902667965,0.41953663118346907,0.04020620775616396,0.0014152287143021074,0.780952380952381,4.0,0.0021034390590025384
510,0.010447761194029851,19.047801493538902,0.2969858156028369,0.0004988640451599722,0.0010547649958472188,0.6666666666666666,4.0,0.002027299117727029
511,0.004477611940298508,0.0,0.3556263269639066,0.009971110075531087,0.000464603636391708,1.0,6.0,0.0013366039353817397
512,0.0029850746268656717,4.40803374069916,0.26284817575519814,0.00015594691648779208,0.0005213929183091676,0.0,5.0,0.0013174239534980933
513,0.08358208955223881,5919.777686452926,0.45516304347826086,0.05686655780079314,0.005450720273216,0.2038961038961039,3.0,0.0014072373386185453
514,0.005970149253731343,6.697780238364987,0.39762611275964393,0.0158808126604071,0.0005502073089370476,0.8333333333333334,5.0,0.0013199879511209213
515,0.041791044776119404,1545.7210668506339,0.38417431192660556,0.011641902306504553,0.003277360961645534,0.2328042328042328,4.0,0.0013700513034111874
516,0.004477611940298508,3.2750486641916403,0.29738126941855303,0.0004059264568503347,0.0005945184599716896,0.3333333333333333,4.0,0.0013751763520361093
517,0.1253731343283582,10020.310930031936,0.4988830975428146,0.1044583905136893,0.007934949260734594,0.1491681009753299,4.0,0.0013317471073465302
518,0.011940298507462687,8.513244892214628,0.36712328767123287,0.01831026413071275,0.0009070867027496648,0.5714285714285714,6.0,0.001503264837134712
519,0.011940298507462687,0.9365300464161348,0.3761931499157777,0.025287494332094488,0.0008527006968181588,0.8214285714285714,6.0,0.0011831522064880793
520,0.005970149253731343,13.08875667307948,0.3785310734463277,0.01150238581850116,0.0005594831547580952,0.5,5.0,0.0014465760747347065
521,0.026865671641791045,151.17278387471163,0.4063068526379624,0.042576616365522395,0.001764406367985006,0.42483660130718953,5.0,0.0014525868960114016
522,0.010447761194029851,6.665875576666139,0.394814378314673,0.020395120221947203,0.0007936318525077144,0.7142857142857143,5.0,0.0012479495834347633
523,0.007462686567164179,0.38118646232061537,0.3641304347826087,0.016684977608606173,0.0006260951565280579,0.8,6.0,0.0010897371982382341
524,0.014925373134328358,9.110408805342155,0.40754257907542585,0.02659830425784252,0.0010210134810485847,0.6,5.0,0.0017949241575306951
525,0.004477611940298508,0.0,0.36040882194728346,0.01042529123589131,0.0004847160197234043,1.0,6.0,0.0011840138916517676
526,0.007462686567164179,2.4690935382785852,0.368942731277533,0.014695456435645992,0.0006170422799645619,0.5,5.0,0.001570650126858564
527,0.013432835820895522,3.1412633821188956,0.4153750774953503,0.02935021900293951,0.0009298150018771208,0.6944444444444444,5.0,0.0017789955922076941
528,0.058208955223880594,783.788661290923,0.4668989547038328,0.08837735656086831,0.0033256118613894194,0.3738191632928475,5.0,0.0015705372266001207
529,0.020895522388059702,239.89356160603097,0.388631090487239,0.018148770799934977,0.0014978335647104983,0.3516483516483517,4.0,0.0017186687573287017
530,0.011940298507462687,5.185428393286285,0.3687396807925152,0.020894255315896483,0.0008742717359710699,0.6071428571428571,6.0,0.001448375551760611
531,0.005970149253731343,0.0,0.4045893719806763,0.021698047788341373,0.0005426431843688037,1.0,5.0,0.0015427880121263635
532,0.025373134328358207,56.41071828571993,0.40143798681845416,0.03626669953566808,0.0015965103361046654,0.6176470588235294,5.0,0.0019663333832335714
533,0.03582089552238806,395.6798472921193,0.4158907510862818,0.04102375440490673,0.0022915905813773877,0.36231884057971014,5.0,0.0015340420963208016
534,0.005970149253731343,174.62964968957942,0.2910512597741095,0.00048108935661436963,0.0008454186537588876,0.5,5.0,0.001605770284477211
535,0.04328358208955224,2353.946268797434,0.35244608100999475,0.006316407711402165,0.003705198226406139,0.21428571428571427,4.0,0.0014900601755885872
536,0.05223880597014925,1575.1453162524579,0.40878584502745574,0.034301869198322794,0.003591324056651574,0.21680672268907564,4.0,0.0014001169708913045
537,0.008955223880597015,10.048791986238934,0.26618990862137465,0.0002928253919043167,0.0009589955335178342,0.4,5.0,0.0019302191459516357
538,0.004477611940298508,0.0,0.35412262156448204,0.010349221800182076,0.00045350338170783565,1.0,5.0,0.0012204919891615088
539,0.004477611940298508,0.0,0.35733333333333334,0.01185508529092781,0.00045719430618045774,1.0,6.0,0.0011638992073902483
540,0.004477611940298508,0.0,0.36612021857923494,0.008238323932549401,0.0004696207212156467,1.0,5.0,0.0012448662352349876
541,0.011940298507462687,1.5065910428464253,0.3701657458563536,0.022244780851975256,0.0008656813377245235,0.75,6.0,0.00181602831317483
542,0.008955223880597015,8.245750550760246,0.30031376064545046,0.0013058481258145095,0.0008613402311783557,0.4666666666666667,5.0,0.0025035667948240655
543,0.026865671641791045,75.02828428040635,0.380465644520159,0.03284981582879727,0.0017873062361204032,0.41830065359477125,6.0,0.0016089403109698012
544,0.022388059701492536,62.966785842756686,0.379173740803622,0.01982274444022696,0.001480550319284041,0.49523809523809526,4.0,0.0017877974539240655
545,0.005970149253731343,0.0,0.3579059829059829,0.01301417754367461,0.0005529189787550981,1.0,6.0,0.0015679974686953991
546,0.2462686567164179,12647.43750337285,0.5083459787556904,0.20714932465614544,0.014794925809121878,0.09534368070953436,5.0,0.0012997718039854062
547,0.013432835820895522,66.95632974415715,0.34787123572170303,0.005465712655859887,0.001152397566674655,0.4444444444444444,4.0,0.0014615867482109855
548,0.0029850746268656717,0.0,0.38705950317735416,0.009862289529443465,0.0003916406397014566,1.0,5.0,0.0011007061607756097
549,0.023880597014925373,191.40680136938104,0.389761489237929,0.028006831981138555,0.0015540392961317581,0.48333333333333334,5.0,0.0018192325386326919
550,0.019402985074626865,321.5178056519228,0.3751399776035834,0.007695131221417924,0.0015686884711162885,0.4358974358974359,4.0,0.0017975272580402493
551,0.008955223880597015,23.62016858717179,0.30904059040590404,0.000979974871212854,0.0009431368102388483,0.5333333333333333,4.0,0.0017690278851385578
552,0.020895522388059702,159.4362093128517,0.3837342497136312,0.03194127591633506,0.0015397159058318341,0.5164835164835165,6.0,0.001312174626214857
553,0.008955223880597015,1.4358604421489343,0.3734671125975474,0.01480586988372931,0.000706687732352144,0.6,5.0,0.002243776560250481
554,0.023880597014925373,552.4460657625885,0.3325062034739454,0.003162014448535319,0.002092346490797918,0.36666666666666664,4.0,0.0015920199448750708
555,0.0029850746268656717,3.127481391820433,0.2691844114102049,0.00012436169779691394,0.0005322799882688704,0.0,5.0,0.001241460205213333
556,0.010447761194029851,9.798571887609846,0.39976133651551315,0.019530769409767248,0.0008225020419676181,0.6190476190476191,5.0,0.0012920290390672467
557,0.03880597014925373,194.86833895601595,0.43114543114543114,0.06000667839452642,0.0023302134276751143,0.49846153846153846,5.0,0.001587410847047671
558,0.025373134328358207,623.6623007129076,0.41486068111455104,0.025762943220667165,0.0017507780811080909,0.45588235294117646,4.0,0.00181371831874179
559,0.007462686567164179,10.947089970090621,0.40704738760631837,0.01772128783322585,0.0006549311875392082,0.8,5.0,0.001696237891921937
560,0.023880597014925373,22.47442899054787,0.4171855541718555,0.04351098730989375,0.001496496765612841,0.6,5.0,0.0014769537475236582
561,0.011940298507462687,4.673980351706929,0.4077906269020085,0.026154353888995847,0.000877170533911948,0.8214285714285714,5.0,0.0014008060425963224
562,0.028358208955223882,133.7434263980629,0.38998835855646097,0.04010238323262838,0.0018798820242055423,0.45614035087719296,6.0,0.0016424420827006467
563,0.32985074626865674,46152.1692033167,0.5711849957374254,0.23937637045598983,0.02142461343290129,0.06593994241053065,4.0,0.001260085094966427
564,0.0029850746268656717,0.0,0.34607438016528924,0.006919751362208832,0.000378004248322825,1.0,5.0,0.0011335640208716428
565,0.0029850746268656717,0.0,0.3506017791732078,0.008387609017737786,0.0003857414266862149,1.0,6.0,0.0011265921984908453
566,0.005970149253731343,8.474896401576586,0.3201146679407549,0.004511699531646312,0.0006171591886085481,0.0,6.0,0.0011036011454695195
567,0.008955223880597015,479.4402686560098,0.3086135421464763,0.0007111500935927037,0.0011054889476598403,0.26666666666666666,4.0,0.0014676580668688416
568,0.008955223880597015,0.8864620705610157,0.34536082474226804,0.011084430091539713,0.0006886875282817711,0.6666666666666666,5.0,0.0014019932151619627
569,0.008955223880597015,9.226277804242352,0.36157582298974633,0.014068590968359792,0.0007342143148096189,0.6666666666666666,6.0,0.0013698156096142485
570,0.008955223880597015,143.5177159088244,0.39504716981132076,0.02098857716832333,0.0007285655360814554,0.6666666666666666,5.0,0.0014225032328665523
571,0.008955223880597015,2.1707979595085893,0.37242912729294053,0.01999863097499189,0.0007092264013708029,0.8,6.0,0.0012380579483393327
572,0.005970149253731343,0.0,0.3611859838274933,0.010218405706198426,0.0005422995802757282,1.0,5.0,0.001230444358005893
573,0.03582089552238806,296.76145449122623,0.4112952731737262,0.051692365018919,0.0022949881233956253,0.37681159420289856,5.0,0.0014108713888992138
574,0.05522388059701493,376.01929818324544,0.4410796576695194,0.07313915505439092,0.0032502416585261274,0.3123123123123123,5.0,0.0015163450787511177
575,0.007462686567164179,22.199990277523984,0.4058146577831617,0.01686166293340942,0.0006634395258812699,0.5,5.0,0.00159066915817304
576,0.03880597014925373,168.84342183797287,0.42811501597444085,0.051041434286149004,0.0023362598692487843,0.36,5.0,0.0015987038880136847
577,0.004477611940298508,0.0,0.3432377049180328,0.008603697046028674,0.0004692238068008885,1.0,6.0,0.0014157126314681345
578,0.005970149253731343,0.7977799173918889,0.3645266594124048,0.013417503254072502,0.0005371050995706634,0.6666666666666666,5.0,0.0011777101657297776
579,0.1417910447761194,5041.426068266995,0.4607977991746905,0.11725815546354451,0.009076788038998598,0.12071668533034714,5.0,0.0012263376287283577
580,0.005970149253731343,0.0,0.3973902728351127,0.01659624570276422,0.0005491390492885479,1.0,5.0,0.0012508988627834062
581,0.019402985074626865,15.583411648859311,0.42271293375394325,0.03587054370995723,0.0012462024943341434,0.5897435897435898,5.0,0.0016405985115702652
582,0.0029850746268656717,0.0,0.3600214938205266,0.009632715696745646,0.0003912398883878255,1.0,6.0,0.001088491049944819
583,0.028358208955223882,55.23560141899762,0.38198403648802737,0.03539996317894988,0.0018410548284792,0.40350877192982454,6.0,0.0016232704291240607
584,0.028358208955223882,90.4676149685612,0.4058146577831617,0.04236299689420916,0.0018348558386683084,0.45614035087719296,5.0,0.0016407925861598928
585,0.005970149253731343,1.3283101944603184,0.3588644884841993,0.012498536347019376,0.0005329227693391327,0.3333333333333333,5.0,0.001244578106244487
586,0.050746268656716415,545.4466632019436,0.4463690872751499,0.07471043690950602,0.002995419170003037,0.35294117647058826,5.0,0.0014667339544346823
587,0.005970149253731343,11.380851343470386,0.29193899782135074,0.0005701279455150019,0.0007492845922553094,0.16666666666666666,5.0,0.0011254512824391306
588,0.010447761194029851,37.44270581726949,0.29424681598594643,0.0006760357511109291,0.0011295362355634498,0.2857142857142857,5.0,0.0017306390088688527
589,0.007462686567164179,79.47348600432225,0.31337698783910195,0.0012501861975206608,0.0008590869069463794,0.4,4.0,0.00176147252153653
590,0.004477611940298508,0.0,0.3866128101557992,0.01159720104789105,0.0004658965961610052,1.0,5.0,0.0012903984712996379
591,0.013432835820895522,8.957826263149746,0.4102878138395591,0.028017532987580977,0.0009290896378175445,0.6944444444444444,5.0,0.001748650962609652
592,0.011940298507462687,8.340555615301879,0.30832949838932355,0.0012255649477658863,0.0011183298112221888,0.4642857142857143,4.0,0.001756982873902604
593,0.013432835820895522,4.621794341180703,0.38285714285714284,0.017885922393378845,0.0009492627647098878,0.8333333333333334,4.0,0.0013121226355528241
594,0.025373134328358207,82.07586121958367,0.40312876052948254,0.034734534651140174,0.0015803021165744684,0.4117647058823529,5.0,0.0016663730423822267
595,0.056716417910447764,1111.3600742931196,0.4567143830947512,0.07502769691479327,0.003557949429728616,0.29871977240398295,5.0,0.0012438924298711124
596,0.041791044776119404,318.57106450145994,0.42297979797979796,0.04753972565404104,0.0025675703997538367,0.37566137566137564,4.0,0.0014985994360063647
597,0.034328358208955224,75.66103426818276,0.4364820846905538,0.06256874684061664,0.0020565169572746046,0.5059288537549407,5.0,0.0016890155154133462
598,0.03582089552238806,117.52353624378406,0.3884057971014493,0.04517392023217905,0.0022663557728283554,0.36594202898550726,6.0,0.0015377805107748906
599,0.005970149253731343,0.0,0.3621621621621621,0.013521063943443356,0.0005450582120823056,1.0,6.0,0.0013530880780246507
600,0.007462686567164179,2.1122792034738342,0.3653217011995638,0.015214815348971645,0.0006199721657385547,0.6,6.0,0.0011811774746709623
601,0.04328358208955224,1375.9356201245898,0.3413143148242486,0.006735024751739195,0.0036252246141885744,0.24630541871921183,4.0,0.0013175394377233035
602,0.01791044776119403,222.3733399476256,0.3734671125975474,0.01162154379261197,0.0013666025212782788,0.2727272727272727,4.0,0.0019459222310078618
603,0.0029850746268656717,0.0,0.34306195596518174,0.006782438673476132,0.0003858094208621969,1.0,6.0,0.0011125467142902913
604,0.041791044776119404,434.0880045611369,0.43619791666666663,0.05858799193821483,0.002544816221185016,0.36507936507936506,4.0,0.001626713760573146
605,0.004477611940298508,0.0,0.3390688259109312,0.007021001176977385,0.0004955347620179989,1.0,6.0,0.001581477524150543
606,0.029850746268656716,509.95932816950693,0.42647994907702097,0.047588420603907104,0.002007224396432204,0.4105263157894737,5.0,0.0013188872255520015
607,0.04776119402985075,828.6963881061897,0.4387688277668631,0.0500093249902558,0.0029326268433615002,0.2661290322580645,4.0,0.0015001749294109008
608,0.020895522388059702,26.536073862350932,0.424857324032974,0.04516694933475795,0.0013268616261610554,0.5934065934065934,5.0,0.0020588075491311704
609,0.007462686567164179,1.2534718159539853,0.3751399776035834,0.019603435455585985,0.0006332801854290719,0.7,6.0,0.0011066273089175762
610,0.004477611940298508,0.07872171004193476,0.3611859838274933,0.012569478148092571,0.00046213091531576437,0.6666666666666666,6.0,0.0011876675927650884
611,0.004477611940298508,0.0,0.3602150537634409,0.010376889822343622,0.00047804288388962374,1.0,6.0,0.001252314055088825
612,0.005970149253731343,1.1909039363358545,0.36612021857923494,0.012908320074742421,0.0005367265218842347,0.6666666666666666,5.0,0.0015658343901125255
613,0.010447761194029851,1.193777813420743,0.3855005753739931,0.020606335787564985,0.0007688678060676196,0.8571428571428571,5.0,0.0014335324199292794
614,0.026865671641791045,47.51945223427263,0.3843947217441193,0.03874481013574763,0.0017269057805901857,0.5359477124183006,6.0,0.001750246968774173
615,0.007462686567164179,4.849683836842885,0.2793994995829858,0.0005346243774230328,0.000851893346131901,0.2,5.0,0.0018636593607839153
616,0.013432835820895522,9.1751021632573,0.38351459645105895,0.021086254097291503,0.0009384903945112305,0.75,4.0,0.0014430519091445085
617,0.005970149253731343,2.650645932429576,0.3798185941043084,0.014165393167826763,0.0005720970791977655,0.6666666666666666,5.0,0.0014446525784445818
618,0.013432835820895522,44.82900762414708,0.2999104744852283,0.0005695750473017928,0.0013215045581532086,0.5,4.0,0.0019246180900133738
619,0.022388059701492536,52.79123179590464,0.38154897494305234,0.03075912743045602,0.001517280311640607,0.4095238095238095,6.0,0.0017935931137000782
620,0.011940298507462687,4.44285923209805,0.41256157635467977,0.02561326064195462,0.0008474125441100105,0.6785714285714286,5.0,0.0029471272322080413
621,0.0029850746268656717,0.0,0.3377016129032258,0.006500600067652507,0.00039060208430579123,1.0,6.0,0.0010939234774638255
622,0.008955223880597015,0.5571929278420015,0.389308541545613,0.018234461050738275,0.0006994088726153037,0.8666666666666667,5.0,0.0015273117577087898
623,0.2462686567164179,15021.782867109,0.5126243305279266,0.19778904010701595,0.015237524669566831,0.0885439763488544,5.0,0.0012722298853415199
624,0.007462686567164179,1.3098773823068026,0.3611859838274933,0.012578136982885025,0.0006401576494604638,0.8,6.0,0.0012789678511848457
625,0.029850746268656716,203.5400119822201,0.42593769866497144,0.04123922812969932,0.001910846403463524,0.38421052631578945,5.0,0.0016364775825012446
626,0.019402985074626865,47.74739292793553,0.3868360277136259,0.03519088243403703,0.0013099225756897244,0.5128205128205128,6.0,0.0014584004472475362
627,0.011940298507462687,18.752223305043895,0.35619351408825095,0.015634391607630034,0.0008863538329019756,0.42857142857142855,6.0,0.0014741966849170457
628,0.004477611940298508,0.398685245066824,0.3012589928057554,0.0007244512372269821,0.0005488135216521109,0.6666666666666666,4.0,0.001590555388870852
629,0.0029850746268656717,0.804924252538316,0.3509690937663698,0.0064743070455179665,0.00038198898446332075,0.0,5.0,0.0010959327699740751
630,0.008955223880597015,11.466144554214335,0.35619351408825095,0.007198617322888547,0.0007465378894454774,0.8,4.0,0.0017441825959715095
631,0.007462686567164179,2.7734999237259523,0.3855005753739931,0.014702232968515737,0.0006242834681558846,0.8,5.0,0.0015255066462313467
632,0.005970149253731343,153.71845462900947,0.3066361556064073,0.0007093111873583422,0.000771857848494312,0.16666666666666666,4.0,0.002141022402693255
633,0.004477611940298508,3.9146513952056528,0.3390688259109312,0.0057909771189713485,0.0004716749297858725,0.0,5.0,0.0011406348574594758
634,0.0029850746268656717,0.0,0.3341645885286783,0.005513137998061384,0.00039024349856260214,1.0,6.0,0.0011475762506906228
635,0.005970149253731343,7.02192258122279,0.3196564885496183,0.002222416132542923,0.0006655942876828025,0.5,4.0,0.0012637364135431003
636,0.004477611940298508,0.0,0.37160288408208536,0.010679900087703446,0.00045728899868948845,1.0,5.0,0.0013524694221592377
637,0.004477611940298508,0.4648974927425442,0.37746478873239436,0.010770412381965438,0.0004717752608643362,0.6666666666666666,5.0,0.0010852154119016647
638,0.013432835820895522,42.840343565849636,0.29567519858781993,0.0010031768112067011,0.0012781388775604389,0.4722222222222222,5.0,0.001986472142921961
639,0.014925373134328358,333.17345558124543,0.3651226158038147,0.006689270649039493,0.00128987228122318,0.4666666666666667,4.0,0.0017208674559720308
640,0.06119402985074627,7030.65734251403,0.39067055393586003,0.01183806217393552,0.005444014123267457,0.11829268292682926,4.0,0.001260793796953934
641,0.0029850746268656717,0.0,0.30946882217090066,0.0021728893325360654,0.000402832115732768,1.0,4.0,0.0012073064288099762
642,0.005970149253731343,0.9273504273504273,0.33499999999999996,0.0068927600167199175,0.0005992584878128915,0.5,6.0,0.0017650208832239167
643,0.008955223880597015,148.21827795983268,0.3577148958889482,0.008922462106864188,0.0007555577160485017,0.5333333333333333,5.0,0.0013413648422029173
644,0.007462686567164179,0.24703987589544507,0.40556900726392253,0.02134690260723753,0.0006137021146012811,0.9,5.0,0.0015017246830792566
645,0.022388059701492536,108.576557922038,0.41205412054120544,0.03271313663164022,0.0014811233945635988,0.580952380952381,4.0,0.0018720639935306228
646,0.026865671641791045,181.5049980229201,0.41953663118346907,0.03725701785837166,0.0017125288112114577,0.477124183006536,4.0,0.0018211290219110772
647,0.04029850746268657,231.85528080016118,0.42218021424070573,0.060640186944590536,0.002420766883516849,0.3789173789173789,5.0,0.001535324580071617
648,0.034328358208955224,532.3724484254531,0.32057416267942584,0.002034111173470754,0.003282177249180325,0.2134387351778656,4.0,0.0013888228815782933
649,0.013432835820895522,39.626375225019515,0.3154425612052731,0.0016876554254937404,0.001237798893471032,0.3055555555555556,4.0,0.0013616316682994241
650,0.0029850746268656717,0.0,0.3365143144148669,0.004796586778844092,0.00038169077231570733,1.0,5.0,0.0012534907382473343
651,0.022388059701492536,72.92748435054955,0.4297626683771648,0.0471618339402112,0.0014406366152388778,0.5619047619047619,5.0,0.0018185108819439475
652,0.010447761194029851,5.9548437859781105,0.3759820426487093,0.016179661118973364,0.0007932065872652752,0.6666666666666666,5.0,0.0012914047521781701
653,0.07014925373134329,2081.5644036888284,0.43563068920676207,0.07554634797183456,0.004632460512824971,0.20906567992599445,5.0,0.0012361574247603964
654,0.010447761194029851,8.753119571284516,0.3442959917780062,0.010462314583645167,0.0008112096716796884,0.19047619047619047,6.0,0.0017285863351796432
655,0.020895522388059702,28.95863005339711,0.39598108747044913,0.033520859326286526,0.001344092448251799,0.6043956043956044,5.0,0.0015431472907383398
656,0.0029850746268656717,0.632108132419205,0.2648221343873518,0.00019638362230382496,0.0004624111480410714,0.0,5.0,0.0011365017467974833
657,0.010447761194029851,0.5442664675332505,0.37703995498030385,0.015885876013059293,0.0007792282914487536,0.8095238095238095,5.0,0.00144381300929711
658,0.04626865671641791,4490.397948095839,0.41486068111455104,0.011917220326404925,0.003932596868165839,0.2,3.0,0.001291290029811601
659,0.011940298507462687,11.56102611055344,0.33924050632911396,0.012093769667668078,0.0009171725859544324,0.6071428571428571,6.0,0.0015226592449662916
660,0.005970149253731343,0.6921593505938857,0.3875072296124928,0.014475878429100648,0.0005571061368097923,0.8333333333333334,5.0,0.001374537044471848
661,0.007462686567164179,56.691502522600246,0.29130434782608694,0.0004882235765891608,0.0010053157454276288,0.4,5.0,0.0015049772348921752
662,0.007462686567164179,14.430285859392948,0.36275040606388737,0.01208863694753548,0.0006776542022875244,0.3,6.0,0.0013243430960793413
663,0.05522388059701493,421.59501162810545,0.39044289044289043,0.05307079138184304,0.0035603843883708613,0.26126126126126126,6.0,0.0013983245077167595
664,0.058208955223880594,714.6711523529275,0.45117845117845123,0.07900853770158031,0.0034900229531176497,0.28879892037786775,5.0,0.0014075989303965512
665,0.005970149253731343,1.532742568384155,0.27180527383367137,0.0001698070376643798,0.0008181529068922098,0.6666666666666666,5.0,0.0018546825155414273
666,0.013432835820895522,92.38738388115861,0.3138173302107728,0.0017103732138711162,0.0013445707686332595,0.2222222222222222,4.0,0.0015214131941657517
667,0.0029850746268656717,5.762092272270755,0.3643284393692224,0.006377781824592227,0.0004107579884791155,0.0,5.0,0.0011104680345423927
668,0.004477611940298508,0.0,0.37960339943342775,0.011680159663941089,0.0004649132250437644,1.0,5.0,0.0011554790555769474
669,0.007462686567164179,0.5883627946127945,0.3062157221206581,0.0043077053226471184,0.0006424113460043484,0.7,5.0,0.0018570258629114831
670,0.007462686567164179,0.7025111372138555,0.3813318155947638,0.019593874688557694,0.000608015264769574,0.7,5.0,0.0015035079769485727
